,Linear Positivo,Senoide,Linear Negativo,Valor IPCA
0,1000.0477452981957,1000.4259690074059,1000.0477452981957,0.38
1,1000.0735753699989,999.5532073385555,999.8735753699989,0.38
2,1000.082600879538,999.9206294340909,999.6826008795379,0.38
3,1000.2212490791744,1000.2279905369792,999.6212490791745,0.38
4,1000.374514165186,1000.3165497465206,999.5745141651861,0.38
5,1000.6536922226642,1000.3976567047131,999.6536922226642,0.38
6,1000.657094815012,1000.523239319571,999.4570948150119,0.38
7,1000.6464498208793,1000.1294422222982,999.2464498208792,0.38
8,1000.8172437780485,1000.2343172382548,999.2172437780486,0.38
9,1000.8544063399089,999.800014862848,999.054406339909,0.38
10,1000.9932780331959,1000.2775203959457,998.9932780331959,0.38
11,1000.9921454217003,999.7208969045653,998.7921454217003,0.38
12,1001.1525445255577,1000.0990109480848,998.7525445255576,0.38
13,1001.2783643323625,999.504022044771,998.6783643323625,0.38
14,1001.3966869712394,1000.4182169057627,998.5966869712395,0.38
15,1001.4364605662231,1000.4085208433146,998.4364605662231,0.38
16,1001.6921458895108,1000.6149869041202,998.4921458895108,0.38
17,1001.6685377116947,999.7027037956507,998.2685377116946,0.38
18,1001.7357001146986,1000.1161299273823,998.1357001146987,0.38
19,1001.9161412683881,1000.4309235308136,998.1161412683881,0.38
20,1001.902414086284,1000.5972459904042,997.902414086284,0.38
21,1002.0956319471023,999.342336721746,997.8956319471023,0.38
22,1002.2713797152742,1000.0364701856498,997.8713797152741,0.38
23,1002.2639470201774,999.5211254039103,997.6639470201775,0.38
24,1002.3835157486265,1000.1335077524766,997.5835157486265,0.38
25,1002.5135140640775,999.3524734231642,997.5135140640775,0.38
26,1002.588177123619,999.8723737520751,997.3881771236189,0.38
27,1002.684761213224,999.5894622212531,997.2847612132239,0.38
28,1002.8445412123058,999.8753379637642,997.2445412123059,0.38
29,1002.8954399646663,1000.213334506158,997.0954399646663,0.38
30,1002.9500463363344,999.6266569220877,996.9500463363344,0.38
31,1003.0568102088806,999.2673550214382,996.8568102088806,0.33
32,1003.2432190338213,1000.4234868623334,996.8432190338212,0.33
33,1003.3668903304446,1000.3844130804902,996.7668903304447,0.33
34,1003.3638969109388,1000.7463116701421,996.5638969109389,0.33
35,1003.5793293599947,999.0348064763022,996.5793293599947,0.33
36,1003.5606132897896,999.5364585854028,996.3606132897895,0.33
37,1003.8513052218416,1000.7899981153951,996.4513052218415,0.33
38,1003.8155558824562,999.4852415839891,996.2155558824563,0.33
39,1003.9426626464332,1000.2017601479919,996.1426626464332,0.33
40,1004.059045209959,1000.3854862676587,996.059045209959,0.33
41,1004.0119517420903,999.9166179203826,995.8119517420903,0.33
42,1004.2010140734686,1000.2723669555401,995.8010140734685,0.33
43,1004.3236720003672,999.8254175355129,995.7236720003673,0.33
44,1004.4355200169023,1000.5560677989864,995.6355200169023,0.33
45,1004.4507827880992,1000.170788015213,995.4507827880992,0.33
46,1004.688554222687,999.8038689059875,995.488554222687,0.33
47,1004.7664984109842,1000.8079704708643,995.3664984109841,0.33
48,1004.8371432767611,999.9487480083296,995.2371432767612,0.33
49,1004.8071166802051,1000.9546836971375,995.0071166802052,0.33
50,1004.9630581209834,999.6468277504503,994.9630581209834,0.33
51,1005.0349449881096,999.7229638047111,994.8349449881096,0.33
52,1005.0894289772066,999.4980507813915,994.6894289772065,0.33
53,1005.3346917442208,1000.7709472905102,994.7346917442209,0.33
54,1005.4700971834677,1000.5886736019733,994.6700971834678,0.33
55,1005.5859022552977,1000.0569140948585,994.5859022552977,0.33
56,1005.6152836218706,999.4684133634025,994.4152836218706,0.33
57,1005.6804347227152,999.9524327126146,994.2804347227151,0.33
58,1005.7975877785194,1000.6906735421846,994.1975877785195,0.33
59,1005.9180746149095,1000.420667935027,994.1180746149096,0.25
60,1005.9274391122094,999.4242143495179,993.9274391122094,0.25
61,1006.2240605582028,1000.0038841845391,994.0240605582028,0.25
62,1006.28765708437,1000.1803290189981,993.88765708437,0.25
63,1006.252380002326,1000.3342742730773,993.6523800023261,0.25
64,1006.3548092869548,1000.3895297028087,993.5548092869549,0.25
65,1006.5081754393761,1000.3685322104009,993.5081754393761,0.25
66,1006.7006370644211,999.7410094198162,993.5006370644211,0.25
67,1006.6496817948405,1000.2794050250922,993.2496817948404,0.25
68,1006.8197222620194,999.903582257232,993.2197222620194,0.25
69,1006.8609275473315,1000.2337436686694,993.0609275473315,0.25
70,1006.979484984117,1000.5186271761168,992.979484984117,0.25
71,1007.1574919686926,1000.5431295080738,992.9574919686926,0.25
72,1007.1848808679906,998.9102378222672,992.7848808679905,0.25
73,1007.3016436739272,1000.3186701982808,992.7016436739273,0.25
74,1007.4298648798214,999.4515398062993,992.6298648798214,0.25
75,1007.5441603276803,999.3848127987117,992.5441603276803,0.25
76,1007.6243833526984,1000.2826143606685,992.4243833526983,0.25
77,1007.6445913182941,999.8890588652024,992.244591318294,0.25
78,1007.9693591338759,1000.2162581369442,992.369359133876,0.25
79,1007.8716584238947,1000.460161506834,992.0716584238947,0.25
80,1008.08505539716,999.8279193969053,992.08505539716,0.25
81,1008.1184137089929,1000.1100283372151,991.9184137089928,0.25
82,1008.1655094452282,1000.422114742082,991.7655094452281,0.25
83,1008.2361989241233,999.8772485339173,991.6361989241234,0.25
84,1008.4095007120158,999.0901903239247,991.6095007120158,0.25
85,1008.4140969080602,999.6686020979009,991.4140969080602,0.25
86,1008.61558249181,1000.6362417658024,991.4155824918099,0.25
87,1008.7229105324142,1000.0149387214407,991.3229105324141,0.25
88,1008.8606148203168,999.984592323104,991.2606148203168,0.25
89,1008.9098404523425,1000.1829092567262,991.1098404523425,0.25
90,1009.0204341387333,1000.115876219367,991.0204341387333,0.14
91,1009.104375854478,1000.5498466172802,990.904375854478,0.14
92,1009.2304937823866,999.6914258283848,990.8304937823865,0.14
93,1009.3531870954492,999.6849215292851,990.7531870954493,0.14
94,1009.3823129683968,999.6693416448342,990.5823129683969,0.14
95,1009.4372899180945,999.760109872003,990.4372899180945,0.14
96,1009.5389096271285,999.6985723381176,990.3389096271285,0.14
97,1009.8038761906782,1000.4455098105109,990.4038761906781,0.14
98,1009.7535059464016,999.877837300287,990.1535059464017,0.14
99,1010.0222744633927,999.5446564979906,990.2222744633928,0.14
100,1009.9757197092098,1001.0716300949371,989.9757197092098,0.14
101,1010.1326136684642,999.32512321257,989.9326136684641,0.14
102,1010.1564435293542,1000.2563886944264,989.7564435293541,0.14
103,1010.322815972596,1000.0103530324568,989.7228159725961,0.14
104,1010.3763875952789,1000.7553514447806,989.5763875952789,0.14
105,1010.5523016482447,1000.2710913596944,989.5523016482447,0.14
106,1010.5356328154718,1000.8221425921051,989.3356328154717,0.14
107,1010.6678826724218,1000.8789771950669,989.2678826724217,0.14
108,1010.7770841257105,999.9939223951003,989.1770841257106,0.14
109,1010.8369308021137,999.4074670244569,989.0369308021137,0.14
110,1010.9273445865908,999.4365518114256,988.9273445865908,0.14
111,1011.043197808145,1000.087825752543,988.843197808145,0.14
112,1011.2999973201674,1000.3248791305252,988.8999973201674,0.14
113,1011.3151373046211,999.790919189832,988.7151373046212,0.14
114,1011.3539384168221,1000.4105789093004,988.5539384168221,0.14
115,1011.5204552060134,1000.6852712232399,988.5204552060134,0.14
116,1011.5145640294771,1001.0587136788201,988.3145640294771,0.14
117,1011.7029534817276,1000.5023325312741,988.3029534817275,0.14
118,1011.822499741795,999.1716211335524,988.2224997417951,0.14
119,1011.8555420325021,999.3999419596051,988.0555420325021,0.14
120,1011.9375161583415,999.5590286076874,987.9375161583415,0.31
121,1012.1026091656535,999.7058909147913,987.9026091656534,0.31
122,1012.2118913901626,999.7434464441463,987.8118913901625,0.31
123,1012.3099035841444,999.353266537578,987.7099035841445,0.31
124,1012.340389881822,999.7945145795063,987.5403898818221,0.31
125,1012.4291477575684,1000.4439407003512,987.4291477575684,0.31
126,1012.5972785968274,1000.6343903607454,987.3972785968274,0.31
127,1012.7138015502585,1001.1113542474872,987.3138015502584,0.31
128,1012.7925198162002,1000.5336351887332,987.1925198162003,0.31
129,1012.8657221960428,999.4984436583546,987.0657221960429,0.31
130,1012.9891802649007,1000.1134126357362,986.9891802649007,0.31
131,1013.0706851424803,1001.1610639899219,986.8706851424803,0.31
132,1013.1522001777118,999.5895234203155,986.7522001777118,0.31
133,1013.305551475522,999.7599292656558,986.705551475522,0.31
134,1013.3721122038098,1000.8354549134042,986.5721122038099,0.31
135,1013.5621168053816,999.6512758450348,986.5621168053816,0.31
136,1013.5723656491467,999.2975046693681,986.3723656491467,0.31
137,1013.61735096936,1000.2984802606728,986.2173509693599,0.31
138,1013.7946906136223,1000.1862281540931,986.1946906136224,0.31
139,1014.018947856696,999.5710317336562,986.218947856696,0.31
140,1013.9301557867359,999.9513192178343,985.9301557867359,0.31
141,1014.0468297714618,1000.0305789055277,985.8468297714618,0.31
142,1014.289907207853,999.50358950863,985.889907207853,0.31
143,1014.3309003861241,999.8203609555342,985.7309003861242,0.31
144,1014.4101789009665,1000.8786493020194,985.6101789009665,0.31
145,1014.464538677449,1000.5014130595414,985.464538677449,0.31
146,1014.6979524354902,999.1353178999226,985.4979524354901,0.31
147,1014.7279075882994,1000.4648121517918,985.3279075882994,0.31
148,1014.7952648766983,999.7990696866183,985.1952648766984,0.31
149,1014.9548106105638,999.4703086147388,985.1548106105638,0.31
150,1014.9497602149783,1000.2968376112625,984.9497602149783,0.31
151,1015.0205720948251,1000.4097480138404,984.820572094825,-0.23
152,1015.2805717517311,1000.4272908958908,984.880571751731,-0.23
153,1015.2871483341507,999.560981705493,984.6871483341508,-0.23
154,1015.4545826303134,999.8002174775334,984.6545826303135,-0.23
155,1015.5121389814362,999.8732054827593,984.5121389814362,-0.23
156,1015.6066942325265,1000.7972661549599,984.4066942325264,-0.23
157,1015.632985776792,999.9595680954458,984.2329857767919,-0.23
158,1015.8092797390565,999.4702070433842,984.2092797390566,-0.23
159,1015.9540845194603,1000.1188175146812,984.1540845194603,-0.23
160,1016.0345141877676,1000.0585516623282,984.0345141877676,-0.23
161,1016.0273657463754,1000.8340101764464,983.8273657463753,-0.23
162,1016.2141570137792,999.9861790172049,983.8141570137791,-0.23
163,1016.2529942994006,999.9752494890148,983.6529942994007,-0.23
164,1016.3580876376047,1000.0148553924562,983.5580876376048,-0.23
165,1016.368963033805,1001.1412356158671,983.368963033805,-0.23
166,1016.6183632593,1000.8446322736397,983.4183632593,-0.23
167,1016.667283573694,999.6688769714259,983.2672835736939,-0.23
168,1016.841505082666,1000.36992636396,983.2415050826661,-0.23
169,1016.9811258699966,1001.0228480263008,983.1811258699967,-0.23
170,1016.9415327138436,1000.7988534971198,982.9415327138436,-0.23
171,1017.1749638428927,999.9682686956039,982.9749638428926,-0.23
172,1017.1083969296881,999.8240173917948,982.708396929688,-0.23
173,1017.32577776776,1001.0066855757049,982.7257777677601,-0.23
174,1017.3472342559568,999.9344523983239,982.5472342559568,-0.23
175,1017.5261647611259,1000.4598049972288,982.5261647611259,-0.23
176,1017.5408656630423,999.9559250210461,982.3408656630422,-0.23
177,1017.6880953662053,1000.212256081935,982.2880953662052,-0.23
178,1017.7778333462186,1000.598879416503,982.1778333462187,-0.23
179,1017.8628032376083,999.7956958327983,982.0628032376084,-0.23
180,1017.9936349176048,999.8202599242619,981.9936349176048,-0.23
181,1018.1608264674809,1000.3622705891689,981.9608264674808,0.24
182,1018.0881758891562,1000.5158262722281,981.6881758891561,0.24
183,1018.3372375745679,1000.2047775074276,981.737237574568,0.24
184,1018.4000435515829,1000.902489525027,981.600043551583,0.24
185,1018.5246552146036,1000.5483449080335,981.5246552146036,0.24
186,1018.696748485798,999.91378498902,981.496748485798,0.24
187,1018.6980382126113,999.42302406445,981.2980382126112,0.24
188,1018.7850554450049,1000.007047592418,981.185055445005,0.24
189,1018.9610493410574,999.7559599864672,981.1610493410575,0.24
190,1019.1155068417778,1000.3501831080155,981.1155068417778,0.24
191,1019.0826541937898,1000.8778243690076,980.8826541937898,0.24
192,1019.0869701598253,1000.6105351562783,980.6869701598253,0.24
193,1019.3055869241084,1000.2973236482634,980.7055869241085,0.24
194,1019.2985569970849,999.3048557023321,980.498556997085,0.24
195,1019.5207340444606,1000.6297772325755,980.5207340444606,0.24
196,1019.6553988253477,1000.8963908287319,980.4553988253476,0.24
197,1019.5565447795045,999.9062579745049,980.1565447795044,0.24
198,1019.7659750693149,999.9727395863727,980.165975069315,0.24
199,1019.9609851268375,1001.2657832492553,980.1609851268375,0.24
200,1019.9336193328284,1000.1968579281017,979.9336193328284,0.24
201,1020.0056540939482,999.7532209425983,979.8056540939482,0.24
202,1020.218706778021,999.4956263004808,979.8187067780209,0.24
203,1020.3168385774964,1000.7302844249704,979.7168385774964,0.24
204,1020.3836329022967,999.8912693920802,979.5836329022967,0.24
205,1020.423431241705,1000.1037393332206,979.423431241705,0.24
206,1020.6010811765143,999.8459444058059,979.4010811765143,0.24
207,1020.700687900329,999.7417732512484,979.3006879003289,0.24
208,1020.7221035734044,1000.1965689055711,979.1221035734045,0.24
209,1020.9000819297514,1000.4355466557399,979.1000819297515,0.24
210,1020.9773485762878,999.390508139368,978.9773485762878,0.24
211,1021.0378316505972,1000.3660661832307,978.8378316505972,0.24
212,1021.1400336113538,999.2027924208797,978.7400336113537,0.19
213,1021.305879651992,1000.1826107234122,978.7058796519921,0.19
214,1021.404369868884,999.8616071358214,978.6043698688841,0.19
215,1021.4758996281565,999.0888549908858,978.4758996281565,0.19
216,1021.5538402062043,999.7084499653954,978.3538402062043,0.19
217,1021.6882897616691,1000.1453106625669,978.288289761669,0.19
218,1021.8551065753502,1000.8743540463572,978.2551065753503,0.19
219,1021.8607893967904,1000.8913727582276,978.0607893967905,0.19
220,1022.0431676554333,1000.6690971659602,978.0431676554333,0.19
221,1022.0497849929952,999.3846678952252,977.8497849929952,0.19
222,1022.21117102847,1000.1337139896826,977.8111710284699,0.19
223,1022.3043703406919,1000.3011266628166,977.704370340692,0.19
224,1022.4766810178655,999.9170977787066,977.6766810178656,0.19
225,1022.4629946226152,1000.3370636050336,977.4629946226152,0.19
226,1022.628994544077,999.9131586160388,977.428994544077,0.19
227,1022.6447014457951,1000.141308264673,977.244701445795,0.19
228,1022.8807779171558,1000.1544966239609,977.2807779171559,0.19
229,1022.8813870331045,999.2620521045071,977.0813870331045,0.19
230,1023.0396976102743,999.8346967439038,977.0396976102743,0.19
231,1023.0971271423858,999.8462621922157,976.8971271423858,0.19
232,1023.1235566024503,1000.3764009157908,976.7235566024502,0.19
233,1023.341878917799,1000.3465600222366,976.7418789177991,0.19
234,1023.3586750854649,1000.668964105596,976.558675085465,0.19
235,1023.4083453439122,1000.1955741227051,976.4083453439122,0.19
236,1023.5414324796812,999.8863606729467,976.3414324796812,0.19
237,1023.6379168539302,1000.4609590111841,976.2379168539301,0.19
238,1023.8360533383678,1000.107105705179,976.2360533383679,0.19
239,1023.911845416513,1000.5677378435906,976.111845416513,0.19
240,1024.020460875784,1000.867648017576,976.0204608757839,0.19
241,1024.2177738045375,1000.7259640074324,976.0177738045376,0.19
242,1024.0871532408887,999.8919690793874,975.6871532408887,0.19
243,1024.215082404442,1000.0929289516097,975.6150824044421,0.16
244,1024.4534191421924,1000.4198456541413,975.6534191421923,0.16
245,1024.541197506641,999.9467993430683,975.541197506641,0.16
246,1024.6153920989518,1000.4371083430188,975.415392098952,0.16
247,1024.7512003559034,999.7348164660866,975.3512003559033,0.16
248,1024.8075405780419,1000.8811987782346,975.207540578042,0.16
249,1024.845063408322,999.8720885083253,975.045063408322,0.16
250,1025.0785617811894,1000.1412680498573,975.0785617811894,0.16
251,1024.9725483539505,1001.1630150190683,974.7725483539506,0.16
252,1025.287359358779,999.5108895932892,974.8873593587788,0.16
253,1025.3523392807556,1000.1827764218204,974.7523392807558,0.16
254,1025.3459663405388,999.7730729080032,974.5459663405386,0.16
255,1025.4571998535064,1000.855282263315,974.4571998535065,0.16
256,1025.4729658484682,1000.732005555401,974.2729658484684,0.16
257,1025.7278562066624,1000.541390134975,974.3278562066623,0.16
258,1025.8057322269574,999.8424392530927,974.2057322269574,0.16
259,1025.8937301430162,1000.5640631846578,974.0937301430163,0.16
260,1025.9734463803215,1000.5496519991599,973.9734463803215,0.16
261,1026.0738873026905,1000.4903628889541,973.8738873026906,0.16
262,1026.1511477201739,1000.0798858942919,973.7511477201739,0.16
263,1026.2452718992586,1000.9652041092464,973.6452718992588,0.16
264,1026.3488656003212,1000.220904386867,973.5488656003213,0.16
265,1026.429628979749,1000.3009632494768,973.4296289797489,0.16
266,1026.5660091386308,1000.3608660388986,973.3660091386308,0.16
267,1026.583913281355,1001.2856808855133,973.1839132813551,0.16
268,1026.8075861788839,1000.7250997216324,973.2075861788841,0.16
269,1026.8105777732019,1000.8451935964783,973.0105777732019,0.16
270,1026.9900741767672,999.6559546715944,972.9900741767673,0.16
271,1027.0466125394323,1000.1266763767543,972.8466125394325,0.16
272,1027.1838481130426,1000.2588577401549,972.7838481130425,0.16
273,1027.2597009433264,1000.1627786405838,972.6597009433266,0.42
274,1027.3338443350908,999.5105984586683,972.5338443350909,0.42
275,1027.6243066963486,999.7546101545023,972.6243066963486,0.42
276,1027.5834680328967,1000.3973414923198,972.3834680328966,0.42
277,1027.7856148541293,1001.3549975273427,972.3856148541292,0.42
278,1027.7931906143187,1000.5057442970813,972.193190614319,0.42
279,1027.8975224263513,1000.0136858078806,972.0975224263512,0.42
280,1028.00079174342,999.9025256120314,972.00079174342,0.42
281,1028.0939699366443,999.7808319058461,971.8939699366443,0.42
282,1028.1503262938163,999.2514369184319,971.7503262938161,0.42
283,1028.29843974007,1000.3942055609214,971.6984397400703,0.42
284,1028.3479217595152,1000.0568870130976,971.5479217595151,0.42
285,1028.5028932201317,999.5225923183418,971.5028932201316,0.42
286,1028.700644215037,1000.9856965830327,971.5006442150373,0.42
287,1028.7209076578604,1000.2365879177809,971.3209076578603,0.42
288,1028.8247974695003,1000.5558320186186,971.2247974695002,0.42
289,1028.8456534322438,1000.2054964592389,971.0456534322437,0.42
290,1028.9349859140175,999.8344344398018,970.9349859140174,0.42
291,1029.001684029411,1000.0281187721494,970.8016840294111,0.42
292,1029.204656594325,999.6289145290862,970.8046565943247,0.42
293,1029.2292169357174,1000.1636905227632,970.6292169357174,0.42
294,1029.434346112643,999.8905029912911,970.634346112643,0.42
295,1029.5671412804572,1000.3578500929138,970.5671412804573,0.42
296,1029.639806696456,1000.1713902619198,970.4398066964561,0.42
297,1029.5584895590464,1000.714592258941,970.1584895590462,0.42
298,1029.8781783991303,1000.1061965629164,970.2781783991303,0.42
299,1029.9497046180613,1001.4507230626949,970.1497046180612,0.42
300,1029.9574587761917,1000.8352171745056,969.9574587761917,0.42
301,1030.0466380179482,1000.4260156563672,969.8466380179483,0.42
302,1030.2221659350184,999.8396488866985,969.8221659350183,0.42
303,1030.279152478038,999.3731283432186,969.6791524780381,0.42
304,1030.335298148343,1000.467109527386,969.535298148343,0.28
305,1030.516273803147,999.8938696669201,969.516273803147,0.28
306,1030.6157069233132,1000.4225667682175,969.4157069233131,0.28
307,1030.6186432618674,1000.4089217407834,969.2186432618673,0.28
308,1030.7264230639346,1000.9038819160111,969.1264230639346,0.28
309,1030.8790579625309,1000.3837246667697,969.0790579625308,0.28
310,1031.0629058220632,999.9806486466058,969.0629058220632,0.28
311,1031.1133250225546,1000.1121700006702,968.9133250225545,0.28
312,1031.2259849193108,1000.1023729652992,968.8259849193106,0.28
313,1031.3446524321496,1000.0422378477253,968.7446524321497,0.28
314,1031.4337928597354,1000.3035154561229,968.6337928597352,0.28
315,1031.3930067846313,1000.4292965855678,968.3930067846313,0.28
316,1031.6288653078605,999.9998370122755,968.4288653078606,0.28
317,1031.76594960417,1000.4250065651038,968.3659496041698,0.28
318,1031.9310438671143,1000.2424234177989,968.3310438671144,0.28
319,1031.9639400594265,999.7837437474288,968.1639400594265,0.28
320,1031.9807802953824,1000.3939020867156,967.9807802953825,0.28
321,1032.045729521249,1000.9764641215444,967.8457295212492,0.28
322,1032.0428076556605,1001.2849733194205,967.6428076556604,0.28
323,1032.2542799106932,1000.3210190113027,967.6542799106933,0.28
324,1032.4194300558165,1000.2985931386387,967.6194300558165,0.28
325,1032.5290068015324,1000.5541303050652,967.5290068015324,0.28
326,1032.5861310380674,1000.6416847288208,967.3861310380674,0.28
327,1032.703464040307,1000.0884016646387,967.3034640403067,0.28
328,1032.7908951055804,1000.250719377603,967.1908951055805,0.28
329,1032.944320577046,1000.0770981851904,967.1443205770458,0.28
330,1032.8690646329258,1000.1564600821591,966.8690646329256,0.28
331,1033.1648268290676,1000.7547053827584,966.9648268290678,0.28
332,1033.1489760392642,1000.1381061496978,966.7489760392641,0.28
333,1033.37912153408,1000.5246764195265,966.7791215340801,0.28
334,1033.2547378856814,999.8782334455788,966.4547378856814,0.44
335,1033.4647687593333,1001.0238938916272,966.4647687593333,0.44
336,1033.6897151330236,999.9215079089694,966.4897151330238,0.44
337,1033.844815511876,1000.4356245381126,966.444815511876,0.44
338,1033.8218762008805,1001.1253595154601,966.2218762008806,0.44
339,1033.9486079084404,1000.0558380731277,966.1486079084405,0.44
340,1033.9180683480502,1000.6116161867794,965.9180683480503,0.44
341,1034.0148861906514,1000.3416691042266,965.8148861906515,0.44
342,1034.2079896263288,999.8180257903864,965.8079896263287,0.44
343,1034.2126189107385,1001.2643453127326,965.6126189107385,0.44
344,1034.3621427339635,1000.3462029142811,965.5621427339635,0.44
345,1034.5357990287407,1000.7764056984533,965.5357990287407,0.44
346,1034.611008648303,1000.5431277481775,965.411008648303,0.44
347,1034.7240446121439,1000.4216173230118,965.3240446121439,0.44
348,1034.8097855209187,999.7752481416898,965.2097855209188,0.44
349,1034.9278662269846,1001.0187202321113,965.1278662269846,0.44
350,1034.9549618936842,999.6264134334888,964.9549618936842,0.44
351,1035.1557093241984,999.9606460553093,964.9557093241983,0.44
352,1035.1649716412655,1000.4365959493871,964.7649716412653,0.44
353,1035.3981231563762,1000.5383074392155,964.7981231563764,0.44
354,1035.3536991934384,1000.9725587850587,964.5536991934383,0.44
355,1035.4664623714639,1000.4838834173487,964.4664623714639,0.44
356,1035.6539601135325,1000.049643721786,964.4539601135326,0.44
357,1035.6507538403998,1000.6106360043239,964.2507538403997,0.44
358,1035.771053390812,1000.6857295107341,964.1710533908121,0.44
359,1035.8899361967383,1000.2708578425106,964.0899361967381,0.44
360,1035.9294742273873,1000.7257406729726,963.9294742273872,0.44
361,1036.12306380114,1000.4571170944548,963.9230638011402,0.44
362,1036.250550174982,999.9926592051629,963.850550174982,0.44
363,1036.3680886186967,999.8240003822996,963.7680886186968,0.44
364,1036.280403394285,999.7784708463512,963.480403394285,0.44
365,1036.4828696298139,1000.4544954385406,963.482869629814,0.38
366,1036.581254731778,1000.6072507978689,963.3812547317782,0.38
367,1036.6455189352303,1001.2784794171071,963.2455189352303,0.38
368,1036.7734759281125,1000.753151492603,963.1734759281126,0.38
369,1036.8205962217532,1000.7141663126349,963.0205962217532,0.38
370,1037.0691500533496,1000.0244727677643,963.0691500533495,0.38
371,1037.1544689099107,999.6353921253789,962.9544689099108,0.38
372,1037.2147557059957,1000.2376247443324,962.8147557059956,0.38
373,1037.2791206699324,999.9758033844253,962.6791206699326,0.38
374,1037.4919311918397,999.9219055434943,962.6919311918396,0.38
375,1037.5430624568826,1000.6502411610246,962.5430624568826,0.38
376,1037.6225787818055,1000.3278578366121,962.4225787818056,0.38
377,1037.678199462529,1000.6573289185667,962.2781994625287,0.38
378,1037.8054628552347,999.7673050816192,962.2054628552347,0.38
379,1037.8698016131402,1000.7535115134208,962.0698016131403,0.38
380,1037.9784546819242,1000.4586055587193,961.9784546819241,0.38
381,1038.1760956366693,1000.8412216035542,961.9760956366694,0.38
382,1038.2014048782105,1000.0178296429684,961.8014048782103,0.38
383,1038.3543124277471,1000.2008930279827,961.7543124277473,0.38
384,1038.5330944504626,1000.859266080087,961.7330944504625,0.38
385,1038.5013235883632,1001.1156269541791,961.5013235883633,0.38
386,1038.603426809722,1000.2780715889344,961.4034268097221,0.38
387,1038.6408826101115,1000.497368653511,961.2408826101115,0.38
388,1038.7766259996579,999.7036750713262,961.1766259996579,0.38
389,1038.9226700998308,1000.3566587463984,961.1226700998309,0.38
390,1039.0817713174524,1000.8728221231643,961.0817713174523,0.38
391,1039.1043729667392,1000.2228341121724,960.9043729667393,0.38
392,1039.201990053429,1000.0129626856814,960.801990053429,0.38
393,1039.2622881545472,1000.3391163864617,960.6622881545472,0.38
394,1039.38182413701,1000.1465328780789,960.5818241370099,0.38
395,1039.39806180421,999.666786692278,960.39806180421,0.38
396,1039.5914283415218,1000.2445745201254,960.3914283415219,0.33
397,1039.6574671908309,1000.2115034450345,960.2574671908308,0.33
398,1039.797436450959,1000.0482569580649,960.197436450959,0.33
399,1039.8910252781552,1000.8431017235658,960.091025278155,0.33
400,1039.970985782884,1000.4501439719396,959.9709857828841,0.33
401,1040.122379777569,1000.9358997828851,959.9223797775691,0.33
402,1040.2284157602269,1000.4373652378579,959.8284157602268,0.33
403,1040.3614723737917,999.597894270329,959.7614723737918,0.33
404,1040.3904204159583,1000.1367356793468,959.5904204159582,0.33
405,1040.462700025379,1000.4665837041889,959.462700025379,0.33
406,1040.6810951845323,1000.472798750568,959.4810951845324,0.33
407,1040.801624577569,1000.907183234706,959.4016245775689,0.33
408,1040.789466990575,1001.2404593431851,959.1894669905752,0.33
409,1040.8378969449288,1000.3989114803236,959.0378969449288,0.33
410,1041.0543162694003,1000.8163904996588,959.0543162694004,0.33
411,1041.0532301656922,1000.6335603035199,958.8532301656923,0.33
412,1041.3718631210425,999.8808701602217,958.9718631210425,0.33
413,1041.3382223298236,1000.4668535369458,958.7382223298237,0.33
414,1041.388498089166,1001.02446078855,958.5884980891658,0.33
415,1041.4937433276673,1001.0594499379314,958.4937433276674,0.33
416,1041.4810116322674,999.5819780159914,958.2810116322675,0.33
417,1041.7332384991353,1000.038880000799,958.3332384991352,0.33
418,1041.8221035594959,999.9766104161383,958.2221035594958,0.33
419,1041.9557861901833,999.6736576966426,958.1557861901832,0.33
420,1041.9310098363383,1000.1731786904386,957.9310098363384,0.33
421,1042.1509607754924,1000.547355581776,957.9509607754924,0.33
422,1042.257567640981,1000.7495872336835,957.8575676409811,0.33
423,1042.277884735255,1000.4696393914056,957.6778847352549,0.33
424,1042.4289138429829,1000.6290646279755,957.6289138429828,0.25
425,1042.3714463016076,1000.1915513174844,957.3714463016076,0.25
426,1042.6572229444917,1000.5464089905454,957.4572229444917,0.25
427,1042.6587729985354,1000.7972050087277,957.2587729985354,0.25
428,1042.8035412439363,999.7510102897429,957.2035412439363,0.25
429,1042.8914659826846,1001.0427366788501,957.0914659826844,0.25
430,1042.9956354335231,1000.1637666012033,956.995635433523,0.25
431,1043.0313403607763,1000.9465226024284,956.8313403607763,0.25
432,1043.2660189357796,1000.458895822826,956.8660189357794,0.25
433,1043.355827532848,1000.2548841704806,956.755827532848,0.25
434,1043.3966548047865,1000.2101636214717,956.5966548047866,0.25
435,1043.526200590463,999.8952642992878,956.5262005904631,0.25
436,1043.6335989963995,1000.1210572773056,956.4335989963996,0.25
437,1043.7309678107624,1000.1772794057059,956.3309678107623,0.25
438,1043.7899201198477,999.9481481972947,956.1899201198478,0.25
439,1043.925155491986,1000.1497281625991,956.1251554919861,0.25
440,1044.0198859823804,1001.0137714425994,956.0198859823803,0.25
441,1044.001797266937,1000.7109676962776,955.8017972669372,0.25
442,1044.1531617253384,1001.236120200643,955.7531617253384,0.25
443,1044.2816929091475,1000.6289242329208,955.6816929091476,0.25
444,1044.4449937805946,1000.9645464958453,955.6449937805946,0.25
445,1044.575898839535,1001.0029094509167,955.5758988395352,0.25
446,1044.511035158657,1001.878000264671,955.3110351586571,0.25
447,1044.597389447203,1001.0653419158581,955.1973894472031,0.25
448,1044.8340823795306,1000.699856487485,955.2340823795306,0.25
449,1044.8531101638782,1000.64439039359,955.0531101638782,0.25
450,1045.0212763720544,1000.1001249805624,955.0212763720544,0.25
451,1045.0872147917705,1001.1319195067658,954.8872147917706,0.25
452,1045.2290497357587,1000.7070201205869,954.8290497357586,0.25
453,1045.419509464822,1000.4461174587353,954.8195094648223,0.25
454,1045.3363830207659,1000.1898581259848,954.5363830207658,0.25
455,1045.4940686037505,1000.4924414048711,954.4940686037505,0.14
456,1045.667191658789,1000.3690173563051,954.4671916587891,0.14
457,1045.6724516059546,999.6749990976856,954.2724516059545,0.14
458,1045.8649580769902,1000.08729994625,954.2649580769903,0.14
459,1045.9420553886175,999.5142937975679,954.1420553886175,0.14
460,1046.0035492740426,1000.4365282239817,954.0035492740426,0.14
461,1046.0273865317224,999.7405911337094,953.8273865317226,0.14
462,1046.1879575643807,1000.6888559900674,953.7879575643806,0.14
463,1046.2892273045088,1000.956582628306,953.689227304509,0.14
464,1046.507935105962,1000.0999076602633,953.707935105962,0.14
465,1046.448515608369,1000.180231975028,953.448515608369,0.14
466,1046.5454918188696,1000.157229375204,953.3454918188697,0.14
467,1046.69574243449,1001.0012186350107,953.29574243449,0.14
468,1046.714395830671,1001.1040349607032,953.1143958306711,0.14
469,1046.8742640164733,999.7936446340309,953.0742640164731,0.14
470,1047.032501315076,1000.3031718090065,953.0325013150759,0.14
471,1047.0511937875349,1000.4988525048221,952.851193787535,0.14
472,1047.2120421000488,1000.2040079984837,952.8120421000488,0.14
473,1047.3353645735888,1001.3607848453388,952.7353645735889,0.14
474,1047.4233743464195,1000.2369372023913,952.6233743464194,0.14
475,1047.3426261477339,1000.8145653468341,952.3426261477338,0.14
476,1047.6370481187462,1000.7342318467703,952.4370481187464,0.14
477,1047.8388047595292,1000.1982674955227,952.4388047595291,0.14
478,1047.8129175733454,1000.4174502205933,952.2129175733454,0.14
479,1047.885538734267,1001.4765386411066,952.0855387342668,0.14
480,1048.0010271627737,1000.1901459105424,952.0010271627735,0.14
481,1047.984616883221,1000.3960433636964,951.7846168832211,0.14
482,1048.1727785443734,1000.4934112532347,951.7727785443733,0.14
483,1048.2223866229174,1000.4132563774239,951.6223866229175,0.14
484,1048.4696377734792,1000.3665226101399,951.669637773479,0.14
485,1048.5046514835308,1000.8818161161374,951.5046514835309,0.31
486,1048.5871833941856,1000.9002862882952,951.3871833941855,0.31
487,1048.6877924656073,1000.6302125226898,951.2877924656071,0.31
488,1048.8736790115195,1000.9408348089439,951.2736790115197,0.31
489,1048.8634616868046,1000.9268752164343,951.0634616868047,0.31
490,1049.0117364502285,1001.4632572770034,951.0117364502283,0.31
491,1049.0669194235847,1000.829255124264,950.8669194235849,0.31
492,1049.1428843562358,1000.3617642560286,950.7428843562355,0.31
493,1049.1948132589976,1000.8812367968185,950.5948132589975,0.31
494,1049.4227964316883,999.7836324764398,950.6227964316882,0.31
495,1049.4852424329015,1000.7284217967309,950.4852424329015,0.31
496,1049.6688887672533,1001.3087080808398,950.4688887672532,0.31
497,1049.659851384362,999.8493165795903,950.2598513843618,0.31
498,1049.8610118589932,1000.354537330923,950.2610118589931,0.31
499,1049.902599318425,1000.376167291467,950.1025993184248,0.31
500,1050.0512373458896,1000.6095979415768,950.0512373458896,0.31
501,1050.1098398890088,1000.3160659813682,949.9098398890088,0.31
502,1050.281392199379,999.3491141290289,949.8813921993789,0.31
503,1050.3113245261272,1000.5674846455028,949.7113245261273,0.31
504,1050.3301676487797,1000.1660906021992,949.5301676487796,0.31
505,1050.513057162191,1000.4422581040312,949.5130571621911,0.31
506,1050.5807774587215,999.3382252253588,949.3807774587216,0.31
507,1050.731594550577,1001.2669931426639,949.3315945505769,0.31
508,1050.7489046547682,1000.6340676075679,949.1489046547684,0.31
509,1050.8930292880927,1000.7725100025468,949.0930292880927,0.31
510,1051.0836309109661,1000.0841586868827,949.0836309109661,0.31
511,1051.1471725788113,1000.9574382159267,948.9471725788113,0.31
512,1051.1676380899382,1000.5587816792224,948.767638089938,0.31
513,1051.2312722875486,1000.4843290057869,948.6312722875487,0.31
514,1051.4590871356452,1000.6405908287228,948.659087135645,0.31
515,1051.3745719449853,1000.8014113626292,948.3745719449854,0.31
516,1051.6668083797292,1000.8848084347158,948.4668083797293,-0.23
517,1051.7336472979139,1000.6041882229634,948.3336472979138,-0.23
518,1051.764780528867,1000.7303219152647,948.164780528867,-0.23
519,1051.8823153847525,1000.0316687610889,948.0823153847524,-0.23
520,1051.9387835770847,1000.3306069520993,947.9387835770847,-0.23
521,1052.1796351878365,999.8091142089678,947.9796351878367,-0.23
522,1052.24409486715,1000.0280632325249,947.8440948671498,-0.23
523,1052.2945913766914,1001.2190806810244,947.6945913766916,-0.23
524,1052.3989614393606,1000.5166869655985,947.5989614393606,-0.23
525,1052.5761083754435,999.6894149680887,947.5761083754436,-0.23
526,1052.6086968265945,1000.8150580740398,947.4086968265947,-0.23
527,1052.6138980157039,1000.0321079569504,947.2138980157039,-0.23
528,1052.7543967125566,1000.5914622621552,947.1543967125567,-0.23
529,1052.9272316155648,1001.4355417834158,947.1272316155646,-0.23
530,1053.009150771383,999.9380248175545,947.0091507713829,-0.23
531,1053.1273961499817,1000.5717087200334,946.9273961499817,-0.23
532,1053.2293088362,1000.9145941639201,946.8293088361999,-0.23
533,1053.3389773406193,1000.3186626581548,946.7389773406195,-0.23
534,1053.2894291493526,1000.771614525545,946.4894291493524,-0.23
535,1053.4779896185812,1000.7225462315237,946.4779896185813,-0.23
536,1053.6629961288802,1000.5280054685826,946.4629961288801,-0.23
537,1053.7692127736245,1000.9141531264851,946.3692127736244,-0.23
538,1053.8382844001655,1000.6947210785827,946.2382844001658,-0.23
539,1053.9157309607242,1000.7363111597015,946.1157309607242,-0.23
540,1054.0711493116821,1000.8214752844874,946.0711493116822,-0.23
541,1054.080032677605,1001.2490521446938,945.880032677605,-0.23
542,1054.1439484529508,1000.0708770001954,945.7439484529507,-0.23
543,1054.3309826541008,1001.7216774321663,945.7309826541008,-0.23
544,1054.4751848891322,1000.2024445449229,945.6751848891321,-0.23
545,1054.539259523351,1000.5408161244485,945.539259523351,-0.23
546,1054.670310215804,1000.5109993745847,945.4703102158039,0.24
547,1054.7638862653323,1000.2381044084918,945.3638862653322,0.24
548,1054.8990427943188,1000.8815878570148,945.2990427943188,0.24
549,1054.799783945181,1000.2023354393541,944.9997839451809,0.24
550,1055.0664772939967,1000.4307569819958,945.0664772939967,0.24
551,1055.0870054179727,1000.1725487888311,944.8870054179727,0.24
552,1055.117259262604,1001.1615204444693,944.7172592626038,0.24
553,1055.3597273609712,1001.432034578451,944.7597273609714,0.24
554,1055.4504630662727,1001.2770771097809,944.6504630662727,0.24
555,1055.5406462253738,1001.1094810541899,944.5406462253738,0.24
556,1055.5228955508808,1000.1478285174985,944.3228955508808,0.24
557,1055.7582867628362,1000.3466027862423,944.358286762836,0.24
558,1056.0194954599144,1000.6664571522106,944.4194954599145,0.24
559,1055.9127638176524,1000.3008525270609,944.1127638176523,0.24
560,1055.9755837012162,1000.8487120365568,943.9755837012162,0.24
561,1056.0838925754238,1000.6421210768143,943.8838925754238,0.24
562,1056.2271300488676,1001.8382383306006,943.8271300488675,0.24
563,1056.2672282642304,999.8286088391766,943.6672282642306,0.24
564,1056.4733966682145,999.805636411356,943.6733966682145,0.24
565,1056.4359828932638,1001.0844691695083,943.4359828932638,0.24
566,1056.613715562987,1001.3406712112957,943.4137155629869,0.24
567,1056.5703642377189,1001.229552909811,943.1703642377187,0.24
568,1056.8555481244707,1001.080233099813,943.2555481244707,0.24
569,1056.8169406076263,999.9237133902448,943.0169406076263,0.24
570,1056.9996687423038,1001.1095659954648,942.9996687423038,0.24
571,1057.153464925547,1000.3802302560429,942.953464925547,0.24
572,1057.2502538297094,1000.5804718077308,942.8502538297093,0.24
573,1057.3187981903384,1000.6940402796162,942.7187981903385,0.24
574,1057.4224985127414,999.8552152100265,942.6224985127413,0.24
575,1057.5734306776944,1000.9485117964516,942.5734306776945,0.24
576,1057.6700341255803,1000.7222752731612,942.4700341255805,0.24
577,1057.7569244800047,1001.0093838085849,942.3569244800045,0.19
578,1057.8949177641864,1000.0064095493501,942.2949177641865,0.19
579,1057.8519480349883,1000.9803609687733,942.0519480349881,0.19
580,1057.8939740856633,1000.4830216121519,941.8939740856634,0.19
581,1058.0764038335428,1000.2931920748168,941.8764038335429,0.19
582,1058.2199877414712,1001.1141822270312,941.819987741471,0.19
583,1058.2968424965918,1000.5338753570325,941.6968424965918,0.19
584,1058.3225994611846,1000.3970186233904,941.5225994611844,0.19
585,1058.5417816072456,1001.2530510984882,941.5417816072456,0.19
586,1058.650309481561,1000.3320294612653,941.4503094815609,0.19
587,1058.6821858175088,1000.8065937915738,941.2821858175087,0.19
588,1058.768044581633,1001.3257293427122,941.168044581633,0.19
589,1058.812322569187,1000.0590943479383,941.0123225691868,0.19
590,1059.096642665882,1000.8466374558529,941.0966426658819,0.19
591,1059.090750322132,999.8406915249312,940.890750322132,0.19
592,1059.1369206962179,1000.3525736934993,940.7369206962179,0.19
593,1059.3816939553742,1000.955829858235,940.7816939553743,0.19
594,1059.3063499998038,1000.8154592381595,940.5063499998038,0.19
595,1059.4207736310727,1000.7767215166127,940.4207736310728,0.19
596,1059.5998171686765,1001.0203317463084,940.3998171686765,0.19
597,1059.7638591247187,1000.2663873936467,940.3638591247186,0.19
598,1059.8166833593464,1000.5008985452628,940.2166833593466,0.19
599,1059.9931295473673,1000.1446454016606,940.1931295473671,0.19
600,1059.998870147044,1000.8956177282784,939.9988701470439,0.19
601,1060.0677643133852,999.9937280752216,939.8677643133852,0.19
602,1060.195209622272,1000.6670815338774,939.7952096222717,0.19
603,1060.2969664739144,1000.4535980592674,939.6969664739146,0.19
604,1060.3056821563196,1000.5797768647764,939.5056821563195,0.19
605,1060.4668895997413,1000.7543969289932,939.4668895997414,0.19
606,1060.5272550847126,1000.5464400461117,939.3272550847126,0.19
607,1060.635464642874,999.9561189774531,939.2354646428739,0.19
608,1060.794741510812,1001.4192333403714,939.1947415108119,0.16
609,1061.0441204575825,1000.0968665149592,939.2441204575825,0.16
610,1060.9272538161551,1000.5877464749879,938.9272538161551,0.16
611,1061.1130871453279,1000.9580060152534,938.9130871453278,0.16
612,1061.2373612965432,1000.6950742242442,938.8373612965431,0.16
613,1061.1917425201982,1001.94362341131,938.5917425201982,0.16
614,1061.3921104495134,1001.2661662007384,938.5921104495134,0.16
615,1061.4420177365778,1000.5541025625299,938.4420177365777,0.16
616,1061.5882920752456,1000.3402293656285,938.3882920752458,0.16
617,1061.7141794004008,1000.0265280252753,938.3141794004007,0.16
618,1061.7856241752272,1001.1165484133339,938.1856241752273,0.16
619,1061.889878391147,999.8189857665323,938.089878391147,0.16
620,1062.036832903851,999.9453178156306,938.0368329038512,0.16
621,1062.1443734517636,1000.3067989074149,937.9443734517637,0.16
622,1062.1016917171137,1000.6680071808452,937.7016917171136,0.16
623,1062.2963790509227,1001.0391039460826,937.6963790509227,0.16
624,1062.521443147287,999.6664127961537,937.721443147287,0.16
625,1062.475293270369,1000.2780912317248,937.4752932703691,0.16
626,1062.6142494881685,1000.3688029561625,937.4142494881685,0.16
627,1062.6949142351773,1000.4426187180496,937.2949142351773,0.16
628,1062.7456301086297,1000.7681323140836,937.1456301086298,0.16
629,1062.9546835258054,1000.704760126635,937.1546835258052,0.16
630,1062.9295139016342,1000.5553025784579,936.9295139016342,0.16
631,1063.085613041354,1001.5496184794271,936.8856130413542,0.16
632,1063.184355716297,1000.3228831921347,936.7843557162969,0.16
633,1063.2176043298316,1001.0473841747629,936.6176043298316,0.16
634,1063.4191184308625,1002.0660330540939,936.6191184308624,0.16
635,1063.5015882066039,999.8986053551397,936.5015882066037,0.16
636,1063.5412239845691,1000.2800085636725,936.3412239845692,0.16
637,1063.6280864246007,1000.9178458520153,936.2280864246007,0.16
638,1063.8075833173127,1000.2990881855297,936.2075833173128,0.42
639,1063.8494334437673,1000.4506811813702,936.0494334437673,0.42
640,1063.9736765211749,1000.5508148797742,935.9736765211748,0.42
641,1064.0752752824067,1000.873182383197,935.8752752824067,0.42
642,1064.2496409934424,1000.5191460745675,935.8496409934423,0.42
643,1064.206138691346,1000.6188205161405,935.6061386913462,0.42
644,1064.4536661683148,1000.2761770661348,935.6536661683148,0.42
645,1064.3898878057855,1000.800140527573,935.3898878057855,0.42
646,1064.5134553164232,1000.7196007637162,935.3134553164232,0.42
647,1064.6709781567397,1001.2975817986934,935.2709781567396,0.42
648,1064.7778678051031,999.9189969613813,935.1778678051031,0.42
649,1064.916188670351,1000.9872268189191,935.1161886703509,0.42
650,1064.9667921957985,999.9271828741271,934.9667921957985,0.42
651,1065.1388033624412,999.7675485608142,934.9388033624414,0.42
652,1065.1977113818214,1000.9345309132174,934.7977113818213,0.42
653,1065.3054766423575,1000.8727850318622,934.7054766423574,0.42
654,1065.5109472391173,999.9626069704775,934.7109472391172,0.42
655,1065.453672728471,1000.8828124967447,934.453672728471,0.42
656,1065.6502220927584,1000.6252951077778,934.4502220927584,0.42
657,1065.7128684684278,1001.0975640252451,934.3128684684278,0.42
658,1065.877918206112,1000.2435655248734,934.2779182061122,0.42
659,1065.9130437025499,1000.3890919059119,934.1130437025498,0.42
660,1065.991517776811,1001.5821664405953,933.991517776811,0.42
661,1066.0710692338873,1000.8439243446393,933.8710692338874,0.42
662,1066.1358067133888,1000.9087138685206,933.7358067133886,0.42
663,1066.3316974527504,1000.4841527484865,933.7316974527505,0.42
664,1066.4097280371807,1001.2557098747318,933.6097280371806,0.42
665,1066.574785073741,1000.0350575444987,933.5747850737408,0.42
666,1066.693251081823,1000.5477529275611,933.4932510818231,0.42
667,1066.7353889361302,1000.6400796713012,933.3353889361301,0.42
668,1066.787710762475,1000.6807617576271,933.1877107624751,0.42
669,1066.8958386305205,1000.7202900333707,933.0958386305203,0.28
670,1066.9752773412006,1001.6010399871138,932.9752773412006,0.28
671,1066.9944512012469,1000.5986795133613,932.7944512012469,0.28
672,1067.1746898592012,999.9427339438257,932.7746898592012,0.28
673,1067.3729414809357,999.6628163635202,932.7729414809357,0.28
674,1067.388011367946,1000.4342349309638,932.5880113679461,0.28
675,1067.558826743686,1001.0459553465965,932.5588267436859,0.28
676,1067.5935400305282,1000.5972237314991,932.3935400305281,0.28
677,1067.68271115079,1000.2653965206717,932.2827111507901,0.28
678,1067.9267436716204,1001.2656858274974,932.3267436716204,0.28
679,1067.9689509746734,1001.8913113238528,932.1689509746734,0.28
680,1067.9509623584408,1001.2835064776755,931.9509623584408,0.28
681,1068.1218311680332,1000.7787089542811,931.9218311680333,0.28
682,1068.2561201138433,1000.3030461885809,931.8561201138433,0.28
683,1068.2983942572555,999.9748994900278,931.6983942572556,0.28
684,1068.4574401544292,1000.5096107087999,931.657440154429,0.28
685,1068.538114959611,1001.4448597165027,931.538114959611,0.28
686,1068.6011317972204,1001.5844607394159,931.4011317972206,0.28
687,1068.7768283844853,1000.9483650143134,931.3768283844851,0.28
688,1068.8973002142254,1001.1181886661931,931.2973002142255,0.28
689,1068.927801988606,1001.0019132141177,931.1278019886058,0.28
690,1068.914207109148,1000.6060235724252,930.914207109148,0.28
691,1069.0883160744481,1000.3149818789503,930.8883160744481,0.28
692,1069.2710564292472,1001.5916120243961,930.871056429247,0.28
693,1069.2584659809938,1000.7187042448138,930.6584659809939,0.28
694,1069.4734008972641,1001.1566166158177,930.673400897264,0.28
695,1069.5682614184225,1000.0989356816981,930.5682614184224,0.28
696,1069.510970803093,1000.4092537453756,930.310970803093,0.28
697,1069.6695654186951,1001.1469905199006,930.2695654186952,0.28
698,1069.829036952029,1000.3364018917733,930.2290369520289,0.28
699,1069.9165700534502,1000.140075944893,930.1165700534501,0.44
700,1070.0765291394566,1000.0498278375096,930.0765291394566,0.44
701,1070.0738310591269,1001.1769526973721,929.8738310591269,0.44
702,1070.2199622193546,1000.792522123094,929.8199622193544,0.44
703,1070.3125988104098,1001.4555410808744,929.7125988104099,0.44
704,1070.3449563334682,1000.8099191956769,929.5449563334681,0.44
705,1070.5063393968476,1001.9918713987192,929.5063393968476,0.44
706,1070.502131304276,1000.926619192357,929.302131304276,0.44
707,1070.700247168585,1000.6871895560288,929.3002471685851,0.44
708,1070.8543351267585,1000.8675243417763,929.2543351267586,0.44
709,1070.8796404624998,1001.1417039856029,929.0796404624997,0.44
710,1071.0499998755006,1000.970511772774,929.0499998755005,0.44
711,1071.1192822222688,1001.1809913346727,928.9192822222689,0.44
712,1071.2785951594258,999.9167062787674,928.8785951594257,0.44
713,1071.3222766672973,1001.008110923356,928.7222766672974,0.44
714,1071.3637073953807,1000.5348984776663,928.5637073953808,0.44
715,1071.458411615293,1000.7426803065337,928.458411615293,0.44
716,1071.5565727117482,1001.246449485972,928.3565727117483,0.44
717,1071.7483443588246,1001.5984008527454,928.3483443588245,0.44
718,1071.7588387687008,1000.2521523501397,928.1588387687009,0.44
719,1071.832647429803,1001.1762336547575,928.0326474298031,0.44
720,1072.0478316565127,999.7824470111457,928.0478316565126,0.44
721,1072.1447445401047,1000.5183926593166,927.9447445401048,0.44
722,1072.1044388664943,1001.0894351046791,927.7044388664942,0.44
723,1072.334811250505,1001.0208043830745,927.7348112505051,0.44
724,1072.4065869107733,1000.3350065997611,927.6065869107732,0.44
725,1072.4496358413915,1000.5392615182917,927.4496358413913,0.44
726,1072.6119211858213,1000.2483242620649,927.4119211858215,0.44
727,1072.6822055631553,1001.1387010025509,927.2822055631552,0.44
728,1072.7887534709475,1001.4465409336456,927.1887534709477,0.44
729,1072.9248497130247,1000.8097413837938,927.1248497130246,0.44
730,1072.9468752229789,1001.1954978419694,926.9468752229789,0.38
731,1072.993420386521,1001.5059705051292,926.7934203865209,0.38
732,1073.118654954327,1000.6218974686001,926.7186549543269,0.38
733,1073.257907186065,999.8921245375459,926.657907186065,0.38
734,1073.360825394172,999.67230094424,926.5608253941718,0.38
735,1073.6378145366577,1000.6366531907169,926.6378145366579,0.38
736,1073.7189371829352,1000.9953094700744,926.5189371829351,0.38
737,1073.6586105237468,1000.6564242794743,926.2586105237467,0.38
738,1073.768464068821,1000.9092555834945,926.1684640688212,0.38
739,1073.8999527835806,1000.3250067843067,926.0999527835804,0.38
740,1073.9985759069366,1001.0852328697412,925.9985759069365,0.38
741,1074.1907932799113,1000.7506103631505,925.9907932799113,0.38
742,1074.227330734507,1000.744502280926,925.8273307345069,0.38
743,1074.3789006857635,1000.1492691286929,925.7789006857637,0.38
744,1074.4527272248624,999.8320029122659,925.6527272248622,0.38
745,1074.527408255519,1000.3675250687785,925.527408255519,0.38
746,1074.6415176523433,1000.5290221285371,925.4415176523434,0.38
747,1074.6533509111725,1000.7223361145831,925.2533509111723,0.38
748,1074.7392081470753,1000.1942822019373,925.1392081470755,0.38
749,1074.8891550222659,1000.84719913479,925.0891550222659,0.38
750,1074.9490024125716,1000.6475421796503,924.9490024125716,0.38
751,1075.0840641574032,1000.7193681799612,924.8840641574033,0.38
752,1075.2276040353634,999.8818709608958,924.8276040353633,0.38
753,1075.4145458000605,1000.5979884311811,924.8145458000607,0.38
754,1075.487867764537,1001.1210456136589,924.6878677645369,0.38
755,1075.4161531580885,1001.1390626193871,924.4161531580885,0.38
756,1075.6199282718912,1000.4060420768247,924.4199282718913,0.38
757,1075.7456478610268,1001.0629465641956,924.3456478610268,0.38
758,1075.826372606123,1000.3993512249149,924.2263726061232,0.38
759,1075.9283773527172,1001.626951622451,924.1283773527172,0.38
760,1075.9830921712794,1000.5163444445911,923.9830921712794,0.38
761,1076.143283774902,1001.4449426433118,923.9432837749022,0.33
762,1076.1224635082622,999.7519193571516,923.7224635082621,0.33
763,1076.29610243534,1000.6550203047767,923.6961024353399,0.33
764,1076.399429553544,1000.6619886281193,923.5994295535438,0.33
765,1076.5761275126586,1001.2950105270164,923.5761275126587,0.33
766,1076.561100419756,1000.5871223661552,923.3611004197561,0.33
767,1076.6654616972721,1000.0748822545893,923.265461697272,0.33
768,1076.7675000049248,1001.2849380961484,923.1675000049249,0.33
769,1076.9016921220764,1000.7443388821126,923.1016921220762,0.33
770,1076.9970624169391,1000.9686255302868,922.9970624169391,0.33
771,1077.1155578195762,1001.6564435592932,922.9155578195762,0.33
772,1077.1387835311068,1000.4309325954893,922.7387835311068,0.33
773,1077.3084599052447,1000.419400557197,922.7084599052449,0.33
774,1077.281155961619,1001.4816075295614,922.481155961619,0.33
775,1077.4919718025146,1000.670633473093,922.4919718025146,0.33
776,1077.4952658985962,1001.1299219731296,922.2952658985964,0.33
777,1077.6328318211729,1000.4588919597855,922.2328318211728,0.33
778,1077.7935513361815,999.8851973796019,922.1935513361816,0.33
779,1078.03772227348,1000.6828694690727,922.2377222734801,0.33
780,1077.9259821440548,1000.2478204245732,921.9259821440548,0.33
781,1078.0162230462995,1000.5899608748298,921.8162230462996,0.33
782,1078.2662970357644,1000.0722094518042,921.8662970357643,0.33
783,1078.232825356564,1001.5395616484378,921.632825356564,0.33
784,1078.4899762302227,1001.3266765758931,921.6899762302226,0.33
785,1078.4335371375507,1001.7185310373058,921.4335371375508,0.33
786,1078.5591249892502,1001.2746810352495,921.3591249892503,0.33
787,1078.6940968669073,1000.5843043001204,921.2940968669071,0.33
788,1078.8261589838814,1000.6482002535748,921.2261589838814,0.33
789,1078.8447723321754,1001.376535151195,921.0447723321753,0.25
790,1079.024292284854,1000.4202180251629,921.0242922848539,0.25
791,1079.2016228189402,1000.7372961378297,921.0016228189402,0.25
792,1079.1767097142144,1000.6268821535233,920.7767097142143,0.25
793,1079.2865025913459,1001.9010088285955,920.6865025913461,0.25
794,1079.48385053694,999.8626659575774,920.6838505369401,0.25
795,1079.5659218923677,1000.04080265898,920.5659218923677,0.25
796,1079.5106405658412,1001.1013395491321,920.3106405658413,0.25
797,1079.7587548597708,1000.4263842150542,920.3587548597707,0.25
798,1079.7865357936475,1000.5666849973851,920.1865357936476,0.25
799,1080.0131221225597,1000.5811105656157,920.2131221225596,0.25
800,1080.0357689027394,1000.4251870642704,920.0357689027393,0.25
801,1080.0422788615047,1000.8137451681728,919.8422788615046,0.25
802,1080.1264069096424,1000.8697506419663,919.7264069096424,0.25
803,1080.2109149277483,1000.9895178994159,919.6109149277485,0.25
804,1080.3746752646082,1000.830014400857,919.5746752646082,0.25
805,1080.5656459271065,1001.0694813746023,919.5656459271065,0.25
806,1080.61300306982,1000.8130814370425,919.41300306982,0.25
807,1080.7373856379568,1001.0277771487403,919.3373856379568,0.25
808,1080.78246604342,1001.4419981529867,919.1824660434202,0.25
809,1080.827623148168,1000.1481252210708,919.0276231481679,0.25
810,1080.926633414728,1001.2702669387592,918.926633414728,0.25
811,1081.1901867355962,1000.2874888001342,918.9901867355962,0.25
812,1081.143407755618,1000.8959140248274,918.7434077556179,0.25
813,1081.2578464241428,1001.1436210340175,918.6578464241429,0.25
814,1081.3915829819655,1000.6505827101962,918.5915829819654,0.25
815,1081.5346757267635,1000.5647932746367,918.5346757267635,0.25
816,1081.5704247172616,1000.3820127413412,918.3704247172617,0.25
817,1081.743819207133,1001.4135933522714,918.3438192071329,0.25
818,1081.826328135423,1000.861801328244,918.226328135423,0.25
819,1081.8721551855544,999.8693721760063,918.0721551855545,0.25
820,1082.0848510584942,999.8117638844041,918.0848510584943,0.14
821,1082.1201460300642,1001.0668498826673,917.9201460300643,0.14
822,1082.2813150532056,1001.3197612570872,917.8813150532055,0.14
823,1082.3022378040946,1001.0337141242413,917.7022378040947,0.14
824,1082.3030434058396,1001.1430691764209,917.5030434058394,0.14
825,1082.5172847256842,1000.6536718802233,917.5172847256844,0.14
826,1082.6259023542286,1000.8789552943077,917.4259023542287,0.14
827,1082.760294223034,1000.4303881394789,917.360294223034,0.14
828,1082.842786935024,1000.5912867442474,917.2427869350239,0.14
829,1082.8743925151896,1000.7319191197064,917.0743925151894,0.14
830,1083.010027120334,1000.6222971542788,917.010027120334,0.14
831,1083.1879494032644,1000.3376104678912,916.9879494032645,0.14
832,1083.1803619070358,1000.6174101019789,916.7803619070356,0.14
833,1083.3080847079705,1000.5411737156869,916.7080847079706,0.14
834,1083.3841405750652,1000.3535458124653,916.5841405750651,0.14
835,1083.4794719397237,1000.6463839527977,916.4794719397237,0.14
836,1083.5029252323593,1001.4442083399962,916.3029252323594,0.14
837,1083.6636305883521,1000.6705913333193,916.263630588352,0.14
838,1083.849793436798,1000.024338462986,916.2497934367982,0.14
839,1084.02218023716,1000.7030773250541,916.2221802371599,0.14
840,1083.9990444669425,999.8195111903452,915.9990444669423,0.14
841,1084.0747066297733,1001.458402070398,915.8747066297733,0.14
842,1084.2171963273781,1001.3649610209591,915.8171963273782,0.14
843,1084.2532775009545,1000.1485337985885,915.6532775009547,0.14
844,1084.3906692435608,1001.1318985207005,915.5906692435606,0.14
845,1084.4682091179106,1000.7937844596688,915.4682091179106,0.14
846,1084.5803958447127,1000.325484464917,915.3803958447127,0.14
847,1084.7483159616997,1000.2953847562511,915.3483159616995,0.14
848,1084.8806381540924,1000.8212926846102,915.2806381540923,0.14
849,1084.7996767381173,1000.2607111577734,914.9996767381173,0.14
850,1084.9991238454998,1000.3799307742509,914.9991238454998,0.31
851,1085.1314994311026,1001.0285489355903,914.9314994311026,0.31
852,1085.1368826639791,1001.0482102735208,914.7368826639789,0.31
853,1085.3511860671997,1001.402977354365,914.7511860671998,0.31
854,1085.3461659244786,1000.6814292334423,914.5461659244786,0.31
855,1085.5428030614887,1000.8875764015462,914.5428030614887,0.31
856,1085.5759494773527,1000.0338513819818,914.3759494773528,0.31
857,1085.7200238182868,1000.9180334098504,914.3200238182867,0.31
858,1085.8834913988933,999.9809897892807,914.2834913988934,0.31
859,1085.889112465449,1001.1687436489497,914.089112465449,0.31
860,1086.0047939469691,1000.9106765412042,914.0047939469691,0.31
861,1086.1634074138417,1000.7289542311579,913.9634074138419,0.31
862,1086.1334480355792,1000.8529754476457,913.7334480355792,0.31
863,1086.300435808491,1001.1959871764531,913.7004358084912,0.31
864,1086.3854665440326,1000.8320171395782,913.5854665440324,0.31
865,1086.5274642896122,1000.1605526342696,913.5274642896121,0.31
866,1086.6917587138926,1000.6964984746505,913.4917587138928,0.31
867,1086.678372662921,1001.0279266213865,913.278372662921,0.31
868,1086.8561591253372,1001.1268009946544,913.2561591253373,0.31
869,1086.9096812630746,1001.0301175234729,913.1096812630747,0.31
870,1087.0841807428942,1002.0539978895199,913.0841807428942,0.31
871,1087.0959294173608,1000.2376100874964,912.8959294173608,0.31
872,1087.263124514037,1000.6043019755557,912.8631245140368,0.31
873,1087.2289103291823,1000.8629080278824,912.6289103291823,0.31
874,1087.3377308262277,1001.2674015425662,912.5377308262276,0.31
875,1087.5936870270727,1001.5656085623746,912.5936870270726,0.31
876,1087.626755901727,1001.0636119587958,912.426755901727,0.31
877,1087.705166630088,1001.3761661696032,912.3051666300879,0.31
878,1087.7964689104133,1001.3711688204316,912.1964689104134,0.31
879,1087.8185027914549,1000.2420688293951,912.0185027914548,0.31
880,1087.9703324439708,1001.2894412414187,911.970332443971,0.31
881,1088.1689159475388,1000.7374728406697,911.968915947539,-0.23
882,1088.205097366699,1000.881371474653,911.8050973666989,-0.23
883,1088.3099077508655,1000.8052394890142,911.7099077508656,-0.23
884,1088.3323181791661,1000.703782390542,911.532318179166,-0.23
885,1088.4555618239128,1000.7597173872201,911.4555618239127,-0.23
886,1088.567552525324,1000.8408827122483,911.367552525324,-0.23
887,1088.6728084321605,1000.866588205455,911.2728084321604,-0.23
888,1088.7659319079255,1001.3952015542358,911.1659319079256,-0.23
889,1088.8000593142392,1000.4404605929745,911.000059314239,-0.23
890,1088.998386231224,1001.2694967857616,910.9983862312241,-0.23
891,1089.1322759372713,1001.8172862492733,910.9322759372714,-0.23
892,1089.2852194657523,1001.7651172189334,910.8852194657521,-0.23
893,1089.271036576754,1001.3466155553622,910.6710365767541,-0.23
894,1089.3224497045287,1001.0576500588769,910.5224497045288,-0.23
895,1089.515357767982,1000.4808045158328,910.515357767982,-0.23
896,1089.5262265884235,1000.958096346206,910.3262265884234,-0.23
897,1089.6976386299248,1002.6648665810383,910.2976386299247,-0.23
898,1089.720401335614,1000.7279523526015,910.1204013356142,-0.23
899,1089.9394573768152,1001.7757436642396,910.1394573768152,-0.23
900,1090.004866805479,1001.8081652384217,910.0048668054791,-0.23
901,1090.0672850864232,1000.8422055500279,909.8672850864233,-0.23
902,1090.1446294070174,1000.3415106459292,909.7446294070173,-0.23
903,1090.3585392520208,1000.9886517716172,909.7585392520209,-0.23
904,1090.3367051279954,1001.2732140809103,909.5367051279952,-0.23
905,1090.539466505988,1000.5270794341133,909.539466505988,-0.23
906,1090.4995645598544,1001.1002896228048,909.2995645598545,-0.23
907,1090.71611891525,1001.2209450387692,909.31611891525,-0.23
908,1090.8041447093624,1001.4991433830064,909.2041447093625,-0.23
909,1090.829711941543,1000.8202516805272,909.029711941543,-0.23
910,1091.0473285481905,1000.794310202115,909.0473285481906,-0.23
911,1091.094312575533,1001.2289485716733,908.894312575533,0.24
912,1091.1979002468913,1001.1585494698885,908.7979002468912,0.24
913,1091.3717298651575,1001.2165200216517,908.7717298651575,0.24
914,1091.3850388602923,1001.0401389282562,908.5850388602921,0.24
915,1091.455430004054,1001.2629510445229,908.4554300040542,0.24
916,1091.650681751161,1000.5157215403418,908.4506817511611,0.24
917,1091.7149743314221,1000.8359338514169,908.314974331422,0.24
918,1091.86179652988,1001.2676131540634,908.2617965298799,0.24
919,1091.9474338399864,1001.7949522126647,908.1474338399864,0.24
920,1092.0289582011055,1001.0801746555081,908.0289582011056,0.24
921,1092.08512599692,1000.8400459167927,907.8851259969199,0.24
922,1092.145126640607,1000.3047504910617,907.7451266406069,0.24
923,1092.2319902688066,1000.4034584947684,907.6319902688067,0.24
924,1092.4196717606217,1001.2238962876568,907.6196717606216,0.24
925,1092.4578292773544,1001.6372162542708,907.4578292773546,0.24
926,1092.4919536060916,1000.8677606481513,907.2919536060916,0.24
927,1092.7049180217246,1001.4831050324971,907.3049180217245,0.24
928,1092.7347320573806,1001.459355894004,907.1347320573808,0.24
929,1092.8862871484594,1001.4769257833726,907.0862871484594,0.24
930,1092.941028259431,1000.4344668652498,906.941028259431,0.24
931,1093.1438380026634,1001.7674287689796,906.9438380026636,0.24
932,1093.1216905689892,1000.6636978441053,906.721690568989,0.24
933,1093.3369523864105,1001.4459905674307,906.7369523864106,0.24
934,1093.3534933249275,1000.7034774182479,906.5534933249276,0.24
935,1093.571730559191,1000.7550046185282,906.5717305591911,0.24
936,1093.5767752964466,1001.5723726781937,906.3767752964467,0.24
937,1093.6654476068925,1000.5852714791496,906.2654476068924,0.24
938,1093.8321472599137,1001.5359320048215,906.2321472599137,0.24
939,1093.9500363977215,1000.9382492692187,906.1500363977215,0.24
940,1093.9170766866366,1001.2389880404808,905.9170766866365,0.24
941,1094.1855705239213,1000.2126237139761,905.9855705239215,0.24
942,1094.2721317607402,1000.5587349652277,905.8721317607401,0.19
943,1094.2248565048867,1000.4499191827774,905.6248565048867,0.19
944,1094.3115989610621,1001.2827253400144,905.5115989610621,0.19
945,1094.531592794434,1000.3446492083444,905.5315927944339,0.19
946,1094.6946542661224,1001.8043684253886,905.4946542661223,0.19
947,1094.6501316603187,1001.0381444477799,905.2501316603185,0.19
948,1094.7812946268427,1001.0327561207137,905.1812946268428,0.19
949,1094.8981295354906,1001.1093068594464,905.0981295354907,0.19
950,1094.9759302729176,999.7895184739078,904.9759302729176,0.19
951,1095.0657261090769,1000.869385385576,904.8657261090768,0.19
952,1095.2154542641092,1001.7493649276925,904.815454264109,0.19
953,1095.2050072895206,1001.1522958477686,904.6050072895207,0.19
954,1095.4366897210296,1001.1484508479016,904.6366897210294,0.19
955,1095.5429403124626,999.7542719279895,904.5429403124626,0.19
956,1095.5386594736785,1000.8130146315297,904.3386594736785,0.19
957,1095.6842681849514,1001.1134931693741,904.2842681849514,0.19
958,1095.8673720817396,1000.3821130558932,904.2673720817396,0.19
959,1095.8880773509106,1001.0976801345685,904.0880773509105,0.19
960,1096.0709625308916,1000.1435699747665,904.0709625308915,0.19
961,1096.0947723317265,1001.5547343067261,903.8947723317267,0.19
962,1096.1162381821127,999.9800064344365,903.7162381821126,0.19
963,1096.3360534660749,1001.0829740638204,903.7360534660748,0.19
964,1096.4531501050267,1000.5170626081629,903.6531501050267,0.19
965,1096.584139677756,1000.6297396280074,903.584139677756,0.19
966,1096.5479838349918,1000.5703902198078,903.347983834992,0.19
967,1096.5890395481783,1001.046570495336,903.1890395481784,0.19
968,1096.8697030765836,1001.3040044455295,903.2697030765837,0.19
969,1096.8948911365621,1000.3343591916541,903.0948911365621,0.19
970,1096.9519674652379,1001.2427812235749,902.951967465238,0.19
971,1097.110956461581,1000.8797945238025,902.9109564615812,0.19
972,1097.2601852552302,1000.0329216303641,902.8601852552302,0.19
973,1097.2458040651563,1001.0001775464549,902.6458040651563,0.16
974,1097.3200590140582,1000.9975705222556,902.5200590140582,0.16
975,1097.447454838154,1000.6865692010969,902.447454838154,0.16
976,1097.480810919943,1001.2528468901669,902.280810919943,0.16
977,1097.7174222203155,1000.9946995821854,902.3174222203155,0.16
978,1097.706441951772,1001.9473502721058,902.1064419517721,0.16
979,1097.9513230070131,1000.8762972875305,902.1513230070129,0.16
980,1098.0611171163193,1001.1656942834046,902.0611171163192,0.16
981,1098.1490523196069,1001.5934039664149,901.9490523196071,0.16
982,1098.3203744125556,1001.3329510388561,901.9203744125556,0.16
983,1098.2992541095077,1001.3894962358529,901.6992541095078,0.16
984,1098.4447177157326,1000.9812848844537,901.6447177157327,0.16
985,1098.4784116521018,1001.0778842063319,901.4784116521018,0.16
986,1098.644716958516,1001.7102642111736,901.444716958516,0.16
987,1098.7153304914157,1000.6866221614399,901.3153304914156,0.16
988,1098.7931639882117,1000.7729886795072,901.1931639882117,0.16
989,1099.0200402189282,1001.4829832744841,901.2200402189281,0.16
990,1098.9850149090926,1000.362347071511,900.9850149090926,0.16
991,1099.042715935344,1000.8524155477377,900.842715935344,0.16
992,1099.2105115176619,1000.7683016099458,900.8105115176619,0.16
993,1099.2428194692218,1000.5758427083259,900.642819469222,0.16
994,1099.3445526013932,1001.3439548856898,900.544552601393,0.16
995,1099.4818270627363,1000.9079591287904,900.4818270627362,0.16
996,1099.553244896465,1001.3563115672401,900.3532448964651,0.16
997,1099.8048084870466,1001.5980980112845,900.4048084870466,0.16
998,1099.8106279401238,1000.8768900809687,900.2106279401239,0.16
999,1099.8941574250953,1000.7178248489697,900.0941574250952,0.16
1000,1100.0724426828665,1001.153114908442,900.0724426828666,0.16
1001,1100.2595507360247,1001.287592937606,900.0595507360247,0.16
1002,1100.2272537364984,1000.761603718744,899.8272537364984,0.16
1003,1100.193003069637,1000.6327532998084,899.593003069637,0.42
1004,1100.3760754827629,1001.3635159850936,899.5760754827629,0.42
1005,1100.4157016394572,1001.216015002721,899.4157016394572,0.42
1006,1100.5970360478289,1001.3177008356678,899.3970360478288,0.42
1007,1100.8404507834623,1000.5079730497068,899.4404507834621,0.42
1008,1100.800454955979,999.696950698564,899.200454955979,0.42
1009,1100.8954156319203,1000.5720386616977,899.0954156319202,0.42
1010,1100.97645648781,1000.5846704940817,898.9764564878101,0.42
1011,1101.1464728896867,1001.0600556097199,898.9464728896869,0.42
1012,1101.3021100318106,1000.2076515580801,898.9021100318105,0.42
1013,1101.339724937357,1001.3831137492584,898.739724937357,0.42
1014,1101.4648547539016,1000.5058630290835,898.6648547539015,0.42
1015,1101.5342490608277,1001.3695289275972,898.5342490608278,0.42
1016,1101.627501482987,1000.7288012447245,898.427501482987,0.42
1017,1101.7361826098293,1001.9370398273227,898.3361826098293,0.42
1018,1101.801610359171,1001.4406843278891,898.2016103591712,0.42
1019,1101.9078794076752,1001.5146448921287,898.1078794076751,0.42
1020,1102.104441269681,1000.9569169624037,898.1044412696812,0.42
1021,1102.044255429693,1002.1749846316542,897.8442554296931,0.42
1022,1102.23477289473,1000.8161771303833,897.8347728947299,0.42
1023,1102.1750371111818,1000.3322744003915,897.575037111182,0.42
1024,1102.3894986631824,1000.4146310036992,897.5894986631824,0.42
1025,1102.4848995112413,1001.2150107353262,897.4848995112415,0.42
1026,1102.5949274349384,1001.2739016046638,897.3949274349385,0.42
1027,1102.7458123615104,1000.9047714822424,897.3458123615102,0.42
1028,1102.7894619290798,1001.2406745364198,897.1894619290799,0.42
1029,1102.871126624982,1000.7096852829155,897.0711266249821,0.42
