,Date,Fixa11,Bitcoin,Ibovespa
0,2021-01-12,13.239999771118164,33922.9609375,123998.0
1,2021-01-13,13.170000076293945,37316.359375,122040.0
2,2021-01-14,13.210000038146973,39187.328125,123481.0
3,2021-01-15,13.1899995803833,36825.3671875,120502.0
4,2021-01-18,13.220000267028809,36630.07421875,121242.0
5,2021-01-19,13.210000038146973,36069.8046875,120673.0
6,2021-01-20,13.199999809265137,35547.75,119708.0
7,2021-01-21,13.170000076293945,30825.69921875,118443.0
8,2021-01-22,13.119999885559082,33005.76171875,117172.0
9,2021-01-26,13.149999618530273,32569.849609375,116464.0
10,2021-01-27,13.1899995803833,30432.546875,115882.0
11,2021-01-28,13.239999771118164,33466.09765625,119314.0
12,2021-01-29,13.270000457763672,34316.38671875,116007.0
13,2021-02-01,13.279999732971191,33537.17578125,117365.0
14,2021-02-02,13.0600004196167,35510.2890625,118234.0
15,2021-02-03,13.34000015258789,37472.08984375,119725.0
16,2021-02-04,13.289999961853027,36926.06640625,119261.0
17,2021-02-05,13.279999732971191,38144.30859375,119925.0
18,2021-02-08,13.279999732971191,46196.46484375,119516.0
19,2021-02-09,13.239999771118164,46481.10546875,119429.0
20,2021-02-10,13.279999732971191,44918.18359375,118430.0
21,2021-02-11,13.279999732971191,47909.33203125,119235.0
22,2021-02-12,13.25,47504.8515625,119116.0
23,2021-02-17,13.199999809265137,52149.0078125,120391.0
24,2021-02-18,13.199999809265137,51679.796875,119140.0
25,2021-02-19,13.180000305175781,55888.1328125,118748.0
26,2021-02-22,13.119999885559082,54207.3203125,112668.0
27,2021-02-23,13.149999618530273,48824.42578125,115227.0
28,2021-02-24,13.109999656677246,49705.33203125,115668.0
29,2021-02-25,13.039999961853027,47093.8515625,112256.0
30,2021-02-26,13.020000457763672,46339.76171875,110035.0
31,2021-03-01,12.960000038146973,49631.2421875,110335.0
32,2021-03-02,12.930000305175781,48378.98828125,111540.0
33,2021-03-03,12.890000343322754,50538.2421875,111184.0
34,2021-03-04,13.039999961853027,48561.16796875,112690.0
35,2021-03-05,13.109999656677246,48927.3046875,115202.0
36,2021-03-08,13.010000228881836,52246.5234375,110612.0
37,2021-03-09,12.970000267028809,54824.1171875,111331.0
38,2021-03-10,12.949999809265137,56008.55078125,112776.0
39,2021-03-11,12.970000267028809,57805.12109375,114984.0
40,2021-03-12,12.930000305175781,57332.08984375,114160.0
41,2021-03-15,12.960000038146973,55907.19921875,114851.0
42,2021-03-16,12.949999809265137,56804.90234375,114019.0
43,2021-03-17,12.9399995803833,58870.89453125,116549.0
44,2021-03-18,12.9399995803833,57858.921875,114835.0
45,2021-03-19,12.890000343322754,58346.65234375,116222.0
46,2021-03-22,12.850000381469727,54529.14453125,114979.0
47,2021-03-23,12.8100004196167,54738.9453125,113262.0
48,2021-03-24,12.760000228881836,52774.265625,112064.0
49,2021-03-25,12.739999771118164,51704.16015625,113750.0
50,2021-03-26,12.760000228881836,55137.3125,114781.0
51,2021-03-29,12.710000038146973,57750.19921875,115419.0
52,2021-03-30,12.770000457763672,58917.69140625,116850.0
53,2021-03-31,12.800000190734863,58918.83203125,116634.0
54,2021-04-01,12.770000457763672,59095.80859375,115253.0
55,2021-04-05,12.770000457763672,59057.87890625,117518.0
56,2021-04-06,12.75,58192.359375,117499.0
57,2021-04-07,12.720000267028809,56048.9375,117624.0
58,2021-04-08,12.779999732971191,58323.953125,118313.0
59,2021-04-09,12.739999771118164,58245.00390625,117670.0
60,2021-04-12,12.75,59893.453125,118812.0
61,2021-04-13,12.75,63503.45703125,119297.0
62,2021-04-14,12.720000267028809,63109.6953125,120295.0
63,2021-04-15,12.760000228881836,63314.01171875,120701.0
64,2021-04-16,12.84000015258789,61572.7890625,121114.0
65,2021-04-19,12.869999885559082,55724.265625,120934.0
66,2021-04-20,12.829999923706055,56473.03125,120062.0
67,2021-04-22,12.90999984741211,51762.2734375,119371.0
68,2021-04-23,12.920000076293945,51093.65234375,120530.0
69,2021-04-26,12.930000305175781,54021.75390625,120595.0
70,2021-04-27,12.90999984741211,55033.1171875,119388.0
71,2021-04-28,12.920000076293945,54824.703125,121053.0
72,2021-04-29,12.9399995803833,53555.109375,120066.0
73,2021-04-30,12.90999984741211,57750.17578125,118894.0
74,2021-05-03,12.869999885559082,57200.29296875,119209.0
75,2021-05-04,12.829999923706055,53333.5390625,117712.0
76,2021-05-05,12.84000015258789,57424.0078125,119564.0
77,2021-05-06,12.829999923706055,56396.515625,119921.0
78,2021-05-07,12.8100004196167,57356.40234375,122038.0
79,2021-05-10,12.789999961853027,55859.796875,121909.0
80,2021-05-11,12.819999694824219,56704.57421875,122964.0
81,2021-05-12,12.779999732971191,49150.53515625,119710.0
82,2021-05-13,12.789999961853027,49716.19140625,120706.0
83,2021-05-14,12.779999732971191,49880.53515625,121881.0
84,2021-05-17,12.789999961853027,43537.51171875,122938.0
85,2021-05-18,12.770000457763672,42909.40234375,122980.0
86,2021-05-19,12.770000457763672,37002.44140625,122636.0
87,2021-05-20,12.800000190734863,40782.73828125,122701.0
88,2021-05-21,12.829999923706055,37304.69140625,122592.0
89,2021-05-24,12.8100004196167,38705.98046875,124032.0
90,2021-05-25,12.84000015258789,38402.22265625,122988.0
91,2021-05-26,12.869999885559082,39294.19921875,123989.0
92,2021-05-27,12.90999984741211,38436.96875,124367.0
93,2021-05-28,12.949999809265137,35697.60546875,125561.0
94,2021-05-31,12.920000076293945,37332.85546875,126216.0
95,2021-06-01,12.899999618530273,36684.92578125,128267.0
96,2021-06-02,12.9399995803833,37575.1796875,129601.0
97,2021-06-04,13.0,36894.40625,130126.0
98,2021-06-07,12.949999809265137,33560.70703125,130776.0
99,2021-06-08,12.960000038146973,33472.6328125,129787.0
100,2021-06-09,12.949999809265137,37345.12109375,129907.0
101,2021-06-10,12.90999984741211,36702.59765625,130076.0
102,2021-06-11,12.880000114440918,37334.3984375,129441.0
103,2021-06-14,12.890000343322754,40218.4765625,130208.0
104,2021-06-15,12.899999618530273,40406.26953125,130091.0
105,2021-06-16,12.899999618530273,38347.0625,129259.0
106,2021-06-17,12.859999656677246,38053.50390625,128057.0
107,2021-06-18,12.829999923706055,35787.24609375,128405.0
108,2021-06-21,12.859999656677246,31676.693359375,129265.0
109,2021-06-22,12.829999923706055,32505.66015625,128767.0
110,2021-06-23,12.8100004196167,33723.02734375,128428.0
111,2021-06-24,12.880000114440918,34662.4375,129514.0
112,2021-06-25,12.890000343322754,31637.779296875,127256.0
113,2021-06-28,12.9399995803833,34434.3359375,127429.0
114,2021-06-29,12.949999809265137,35867.77734375,127327.0
115,2021-06-30,12.920000076293945,35040.8359375,126802.0
116,2021-07-01,12.899999618530273,33572.1171875,125666.0
117,2021-07-02,12.899999618530273,33897.046875,127622.0
118,2021-07-05,12.880000114440918,33746.00390625,126920.0
119,2021-07-06,12.829999923706055,34235.1953125,125095.0
120,2021-07-07,12.869999885559082,33855.328125,127019.0
121,2021-07-08,12.850000381469727,32877.37109375,125428.0
122,2021-07-12,12.880000114440918,33155.84765625,127594.0
123,2021-07-13,12.819999694824219,32702.025390625,128168.0
124,2021-07-14,12.880000114440918,32822.34765625,128407.0
125,2021-07-15,12.880000114440918,31780.73046875,127468.0
126,2021-07-16,12.920000076293945,31421.5390625,125960.0
127,2021-07-19,12.930000305175781,30817.83203125,124395.0
128,2021-07-20,12.949999809265137,29807.34765625,125401.0
129,2021-07-21,12.960000038146973,32110.693359375,125929.0
130,2021-07-22,12.960000038146973,32313.10546875,126147.0
131,2021-07-23,12.899999618530273,33581.55078125,125053.0
132,2021-07-26,12.890000343322754,37337.53515625,126004.0
133,2021-07-27,12.859999656677246,39406.94140625,124612.0
134,2021-07-28,12.850000381469727,39995.90625,126286.0
135,2021-07-29,12.880000114440918,40008.421875,125675.0
136,2021-07-30,12.800000190734863,42235.546875,121801.0
137,2021-08-02,12.770000457763672,39201.9453125,122516.0
138,2021-08-03,12.75,38152.98046875,123577.0
139,2021-08-04,12.760000228881836,39747.50390625,121801.0
140,2021-08-05,12.65999984741211,40869.5546875,121633.0
141,2021-08-06,12.680000305175781,42816.5,122810.0
142,2021-08-09,12.680000305175781,46365.40234375,123019.0
143,2021-08-10,12.710000038146973,45585.03125,122202.0
144,2021-08-11,12.699999809265137,45593.63671875,122056.0
145,2021-08-12,12.649999618530273,44428.2890625,120701.0
146,2021-08-13,12.600000381469727,47793.3203125,121194.0
147,2021-08-16,12.569999694824219,46004.484375,119180.0
148,2021-08-17,12.569999694824219,44695.359375,117904.0
149,2021-08-18,12.479999542236328,44801.1875,116643.0
150,2021-08-19,12.510000228881836,46717.578125,117165.0
151,2021-08-20,12.579999923706055,49339.17578125,118053.0
152,2021-08-23,12.520000457763672,49546.1484375,117472.0
153,2021-08-24,12.569999694824219,47706.1171875,120211.0
154,2021-08-25,12.619999885559082,48960.7890625,120818.0
155,2021-08-26,12.630000114440918,46942.21875,118724.0
156,2021-08-27,12.65999984741211,49058.66796875,120678.0
157,2021-08-30,12.670000076293945,47054.984375,119740.0
158,2021-08-31,12.609999656677246,47166.6875,118781.0
159,2021-09-01,12.600000381469727,48847.02734375,119396.0
160,2021-09-02,12.550000190734863,49327.72265625,116677.0
161,2021-09-03,12.539999961853027,50025.375,116933.0
162,2021-09-06,12.550000190734863,52633.53515625,117869.0
163,2021-09-08,12.489999771118164,46091.390625,113413.0
164,2021-09-09,12.4399995803833,46391.421875,115361.0
165,2021-09-10,12.4399995803833,44883.91015625,114286.0
166,2021-09-13,12.449999809265137,44963.07421875,116404.0
167,2021-09-14,12.489999771118164,47092.4921875,116181.0
168,2021-09-15,12.470000267028809,48176.34765625,115063.0
169,2021-09-16,12.470000267028809,47783.359375,113794.0
170,2021-09-17,12.460000038146973,47267.51953125,111439.0
171,2021-09-20,12.479999542236328,42843.80078125,108844.0
172,2021-09-21,12.569999694824219,40693.67578125,110250.0
173,2021-09-22,12.59000015258789,43574.5078125,112282.0
174,2021-09-23,12.550000190734863,44895.09765625,114064.0
175,2021-09-24,12.520000457763672,42839.75,113283.0
176,2021-09-27,12.489999771118164,42235.73046875,113583.0
177,2021-09-28,12.460000038146973,41034.54296875,110124.0
178,2021-09-29,12.489999771118164,41564.36328125,111107.0
179,2021-09-30,12.470000267028809,43790.89453125,110979.0
180,2021-10-01,12.510000228881836,48116.94140625,112900.0
181,2021-10-04,12.5,49112.90234375,110393.0
182,2021-10-05,12.489999771118164,51514.8125,110458.0
183,2021-10-06,12.550000190734863,55361.44921875,110560.0
184,2021-10-07,12.529999732971191,53805.984375,110585.0
185,2021-10-08,12.600000381469727,53967.84765625,112833.0
186,2021-10-11,12.579999923706055,57484.7890625,112180.0
187,2021-10-13,12.600000381469727,57401.09765625,113456.0
188,2021-10-14,12.579999923706055,57321.5234375,113185.0
189,2021-10-15,12.550000190734863,61593.94921875,114648.0
190,2021-10-18,12.539999961853027,62026.078125,114428.0
191,2021-10-19,12.350000381469727,64261.9921875,110673.0
192,2021-10-20,12.359999656677246,65992.8359375,110786.0
193,2021-10-21,12.199999809265137,62210.171875,107735.0
194,2021-10-22,12.170000076293945,60692.265625,106296.0
195,2021-10-25,12.140000343322754,63039.82421875,108715.0
196,2021-10-26,12.0600004196167,60363.79296875,106420.0
197,2021-10-27,12.079999923706055,58482.38671875,106363.0
198,2021-10-28,11.890000343322754,60622.13671875,105705.0
199,2021-10-29,11.970000267028809,62227.96484375,103501.0
200,2021-11-01,11.90999984741211,61004.40625,105551.0
201,2021-11-03,12.020000457763672,62970.046875,105617.0
202,2021-11-04,11.989999771118164,61452.23046875,103412.0
203,2021-11-05,12.020000457763672,61125.67578125,104824.0
204,2021-11-08,12.010000228881836,67566.828125,104781.0
205,2021-11-09,12.069999694824219,66971.828125,105535.0
206,2021-11-10,12.09000015258789,64995.23046875,105968.0
207,2021-11-11,12.119999885559082,64949.9609375,107725.0
208,2021-11-12,12.130000114440918,64155.94140625,106312.0
209,2021-11-16,12.119999885559082,60161.24609375,104508.0
210,2021-11-17,12.09000015258789,60368.01171875,102945.0
211,2021-11-18,12.069999694824219,56942.13671875,102524.0
212,2021-11-19,12.100000381469727,58119.578125,103035.0
213,2021-11-22,12.039999961853027,56289.2890625,102122.0
214,2021-11-23,12.119999885559082,57569.07421875,103663.0
215,2021-11-24,12.149999618530273,56280.42578125,104514.0
216,2021-11-25,12.149999618530273,57274.6796875,105811.0
217,2021-11-26,12.1899995803833,53569.765625,102224.0
218,2021-11-29,12.229999542236328,57806.56640625,102814.0
219,2021-11-30,12.270000457763672,57005.42578125,101915.0
220,2021-12-01,12.270000457763672,57229.828125,100775.0
221,2021-12-02,12.329999923706055,56477.81640625,104466.0
222,2021-12-03,12.460000038146973,53598.24609375,105070.0
223,2021-12-06,12.460000038146973,50582.625,106859.0
224,2021-12-07,12.460000038146973,50700.0859375,107558.0
225,2021-12-08,12.520000457763672,50504.796875,108096.0
226,2021-12-09,12.510000228881836,47672.12109375,106291.0
227,2021-12-10,12.59000015258789,47243.3046875,107758.0
228,2021-12-13,12.569999694824219,46737.48046875,107383.0
229,2021-12-14,12.59000015258789,46612.6328125,106760.0
230,2021-12-15,12.569999694824219,48896.72265625,107370.0
231,2021-12-16,12.550000190734863,47665.42578125,108212.0
232,2021-12-17,12.520000457763672,46202.14453125,107201.0
233,2021-12-20,12.600000381469727,46880.27734375,105020.0
234,2021-12-21,12.649999618530273,48936.61328125,105500.0
235,2021-12-22,12.630000114440918,48628.51171875,105244.0
236,2021-12-23,12.600000381469727,50784.5390625,104891.0
237,2021-12-27,12.609999656677246,50640.41796875,105531.0
238,2021-12-28,12.609999656677246,47588.85546875,104864.0
239,2021-12-29,12.579999923706055,46444.7109375,104107.0
240,2021-12-30,12.609999656677246,47178.125,104822.0
241,2022-01-03,12.5600004196167,46458.1171875,103922.0
242,2022-01-04,12.430000305175781,45897.57421875,103514.0
243,2022-01-05,12.399999618530273,43569.00390625,101006.0
244,2022-01-06,12.390000343322754,43160.9296875,101561.0
245,2022-01-07,12.359999656677246,41557.90234375,102719.0
246,2022-01-10,12.34000015258789,41821.26171875,101945.0
247,2022-01-11,12.34000015258789,42735.85546875,103779.0
248,2022-01-12,12.4399995803833,43949.1015625,105686.0
249,2022-01-13,12.460000038146973,42591.5703125,105530.0
250,2022-01-14,12.460000038146973,43099.69921875,106928.0
251,2022-01-17,12.399999618530273,42250.55078125,106692.0
252,2022-01-18,12.390000343322754,42375.6328125,106522.0
253,2022-01-19,12.449999809265137,41744.328125,108013.0
254,2022-01-20,12.539999961853027,40680.41796875,109102.0
255,2022-01-21,12.5,36457.31640625,108942.0
256,2022-01-24,12.539999961853027,36654.328125,107752.0
257,2022-01-25,12.5600004196167,36954.00390625,109845.0
258,2022-01-26,12.569999694824219,36852.12109375,111573.0
259,2022-01-27,12.489999771118164,37138.234375,112315.0
260,2022-01-28,12.479999542236328,37784.33203125,111478.0
261,2022-01-31,12.510000228881836,38483.125,112388.0
262,2022-02-01,12.569999694824219,38743.2734375,113147.0
263,2022-02-02,12.609999656677246,36952.984375,112161.0
264,2022-02-03,12.649999618530273,37154.6015625,111696.0
265,2022-02-04,12.59000015258789,41500.875,112245.0
266,2022-02-07,12.630000114440918,43840.28515625,111996.0
267,2022-02-08,12.59000015258789,44118.4453125,112234.0
268,2022-02-09,12.579999923706055,44338.796875,112461.0
269,2022-02-10,12.539999961853027,43565.11328125,113359.0
270,2022-02-11,12.510000228881836,42407.9375,113572.0
271,2022-02-14,12.5,42586.91796875,113807.0
272,2022-02-15,12.550000190734863,44575.203125,114660.0
273,2022-02-16,12.539999961853027,43961.859375,115181.0
274,2022-02-17,12.520000457763672,40538.01171875,113528.0
275,2022-02-18,12.539999961853027,40030.9765625,112768.0
276,2022-02-21,12.569999694824219,37075.28125,111725.0
277,2022-02-22,12.5600004196167,38286.02734375,112892.0
278,2022-02-23,12.609999656677246,37296.5703125,112008.0
279,2022-02-24,12.579999923706055,38332.609375,111592.0
280,2022-02-25,12.569999694824219,39214.21875,113142.0
281,2022-03-02,12.539999961853027,43924.1171875,115174.0
282,2022-03-03,12.479999542236328,42451.7890625,115166.0
283,2022-03-04,12.40999984741211,39137.60546875,114474.0
284,2022-03-07,12.34000015258789,38062.0390625,111593.0
285,2022-03-08,12.300000190734863,38737.26953125,111203.0
286,2022-03-09,12.390000343322754,41982.92578125,113900.0
287,2022-03-10,12.350000381469727,39437.4609375,113663.0
288,2022-03-11,12.300000190734863,38794.97265625,111713.0
289,2022-03-14,12.239999771118164,39666.75390625,109928.0
290,2022-03-15,12.319999694824219,39338.78515625,108959.0
291,2022-03-16,12.319999694824219,41143.9296875,111112.0
292,2022-03-17,12.369999885559082,40951.37890625,113076.0
293,2022-03-18,12.4399995803833,41801.15625,115311.0
294,2022-03-21,12.40999984741211,41077.99609375,116155.0
295,2022-03-22,12.460000038146973,42358.80859375,117272.0
296,2022-03-23,12.460000038146973,42892.95703125,117457.0
297,2022-03-24,12.579999923706055,43960.93359375,119053.0
298,2022-03-25,12.65999984741211,44348.73046875,119081.0
299,2022-03-28,12.680000305175781,47128.00390625,118738.0
300,2022-03-29,12.720000267028809,47465.73046875,120014.0
301,2022-03-30,12.65999984741211,47062.6640625,120260.0
302,2022-03-31,12.6899995803833,45538.67578125,119999.0
303,2022-04-01,12.779999732971191,46281.64453125,121570.0
304,2022-04-04,12.800000190734863,46622.67578125,121280.0
305,2022-04-05,12.729999542236328,45555.9921875,118885.0
306,2022-04-06,12.710000038146973,43206.73828125,118228.0
307,2022-04-07,12.680000305175781,43503.84765625,118862.0
308,2022-04-08,12.609999656677246,42287.6640625,118322.0
309,2022-04-11,12.550000190734863,39521.90234375,116953.0
310,2022-04-12,12.539999961853027,40127.18359375,116147.0
311,2022-04-13,12.539999961853027,41166.73046875,116782.0
312,2022-04-14,12.510000228881836,39935.515625,116182.0
313,2022-04-18,12.550000190734863,40826.21484375,115687.0
314,2022-04-19,12.539999961853027,41502.75,115057.0
315,2022-04-20,12.529999732971191,41374.37890625,114344.0
316,2022-04-22,12.520000457763672,39740.3203125,111078.0
317,2022-04-25,12.569999694824219,40458.30859375,110685.0
318,2022-04-26,12.529999732971191,38117.4609375,108213.0
319,2022-04-27,12.579999923706055,39241.12109375,109349.0
320,2022-04-28,12.579999923706055,39773.828125,109919.0
321,2022-04-29,12.579999923706055,38609.82421875,107876.0
322,2022-05-02,12.539999961853027,38529.328125,106639.0
323,2022-05-03,12.550000190734863,37750.453125,106528.0
324,2022-05-04,12.59000015258789,39698.37109375,108344.0
325,2022-05-05,12.510000228881836,36575.140625,105304.0
326,2022-05-06,12.449999809265137,36040.921875,105135.0
327,2022-05-09,12.5,30296.953125,103250.0
328,2022-05-10,12.539999961853027,31022.90625,103110.0
329,2022-05-11,12.5,28936.35546875,104397.0
330,2022-05-12,12.489999771118164,29047.751953125,105688.0
331,2022-05-13,12.479999542236328,29283.103515625,106924.0
332,2022-05-16,12.510000228881836,29862.91796875,108233.0
333,2022-05-17,12.539999961853027,30425.857421875,108789.0
334,2022-05-18,12.550000190734863,28720.271484375,106247.0
335,2022-05-19,12.600000381469727,30314.333984375,107005.0
336,2022-05-20,12.649999618530273,29200.740234375,108488.0
337,2022-05-23,12.670000076293945,29098.91015625,110346.0
338,2022-05-24,12.59000015258789,29655.5859375,110581.0
339,2022-05-25,12.609999656677246,29562.361328125,110580.0
340,2022-05-26,12.670000076293945,29267.224609375,111890.0
341,2022-05-27,12.670000076293945,28627.57421875,111942.0
342,2022-05-30,12.600000381469727,31726.390625,111032.0
343,2022-05-31,12.640000343322754,31792.310546875,111351.0
344,2022-06-01,12.609999656677246,29799.080078125,111360.0
345,2022-06-02,12.59000015258789,30467.48828125,112393.0
346,2022-06-03,12.609999656677246,29704.390625,111102.0
347,2022-06-06,12.600000381469727,31370.671875,110186.0
348,2022-06-07,12.5600004196167,31155.478515625,110070.0
349,2022-06-08,12.550000190734863,30214.35546875,108368.0
350,2022-06-09,12.619999885559082,30111.998046875,107094.0
351,2022-06-10,12.619999885559082,29083.8046875,105481.0
352,2022-06-13,12.550000190734863,22487.388671875,102598.0
353,2022-06-14,12.460000038146973,22206.79296875,102063.0
354,2022-06-15,12.5600004196167,22572.83984375,102807.0
355,2022-06-17,12.640000343322754,20471.482421875,99825.0
356,2022-06-20,12.65999984741211,20599.537109375,99853.0
357,2022-06-21,12.65999984741211,20710.59765625,99685.0
358,2022-06-22,12.710000038146973,19987.029296875,99522.0
359,2022-06-23,12.739999771118164,21085.876953125,98080.0
360,2022-06-24,12.670000076293945,21231.65625,98672.0
361,2022-06-27,12.65999984741211,20735.478515625,100764.0
362,2022-06-28,12.579999923706055,20280.634765625,100591.0
363,2022-06-29,12.59000015258789,20104.0234375,99622.0
364,2022-06-30,12.649999618530273,19784.7265625,98542.0
365,2022-07-01,12.680000305175781,19269.3671875,98954.0
366,2022-07-04,12.649999618530273,20231.26171875,98609.0
367,2022-07-05,12.609999656677246,20190.115234375,98295.0
368,2022-07-06,12.609999656677246,20548.24609375,98719.0
369,2022-07-07,12.640000343322754,21637.587890625,100730.0
370,2022-07-08,12.600000381469727,21731.1171875,100289.0
371,2022-07-11,12.529999732971191,19970.556640625,98212.0
372,2022-07-12,12.579999923706055,19323.9140625,98271.0
373,2022-07-13,12.59000015258789,20212.07421875,97881.0
374,2022-07-14,12.5600004196167,20569.919921875,96121.0
375,2022-07-15,12.579999923706055,20836.328125,96551.0
376,2022-07-18,12.520000457763672,22485.689453125,96916.0
377,2022-07-19,12.489999771118164,23389.43359375,98245.0
378,2022-07-20,12.510000228881836,23231.732421875,98287.0
379,2022-07-21,12.479999542236328,23164.62890625,99033.0
380,2022-07-22,12.550000190734863,22714.978515625,98925.0
381,2022-07-25,12.59000015258789,21361.701171875,100270.0
382,2022-07-26,12.600000381469727,21239.75390625,99772.0
383,2022-07-27,12.649999618530273,22930.548828125,101438.0
384,2022-07-28,12.720000267028809,23843.88671875,102597.0
385,2022-07-29,12.770000457763672,23804.6328125,103165.0
386,2022-08-01,12.829999923706055,23314.19921875,102225.0
387,2022-08-02,12.789999961853027,22978.1171875,103362.0
388,2022-08-03,12.850000381469727,22846.5078125,103775.0
389,2022-08-04,12.979999542236328,22630.95703125,105892.0
390,2022-08-05,13.010000228881836,23289.314453125,106472.0
391,2022-08-08,13.109999656677246,23809.486328125,108402.0
392,2022-08-09,13.100000381469727,23164.318359375,108651.0
393,2022-08-10,13.130000114440918,23947.642578125,110236.0
394,2022-08-11,13.100000381469727,23957.529296875,109718.0
395,2022-08-12,13.149999618530273,24402.818359375,112764.0
396,2022-08-15,13.210000038146973,24136.97265625,113032.0
397,2022-08-16,13.199999809265137,23883.291015625,113512.0
398,2022-08-17,13.149999618530273,23335.998046875,113708.0
399,2022-08-18,13.130000114440918,23212.73828125,113813.0
400,2022-08-19,13.079999923706055,20877.552734375,111496.0
401,2022-08-22,13.09000015258789,21398.908203125,110501.0
402,2022-08-23,13.180000305175781,21528.087890625,112857.0
403,2022-08-24,13.15999984741211,21395.01953125,112898.0
404,2022-08-25,13.109999656677246,21600.904296875,113532.0
405,2022-08-26,13.149999618530273,20260.01953125,112299.0
406,2022-08-29,13.119999885559082,20297.994140625,112323.0
407,2022-08-30,13.130000114440918,19796.80859375,110431.0
408,2022-08-31,13.180000305175781,20049.763671875,109523.0
409,2022-09-01,13.25,20127.140625,110405.0
410,2022-09-02,13.279999732971191,19969.771484375,110864.0
411,2022-09-05,13.279999732971191,19812.37109375,112203.0
412,2022-09-06,13.220000267028809,18837.66796875,109764.0
413,2022-09-08,13.289999961853027,19329.833984375,109916.0
414,2022-09-09,13.34000015258789,21381.15234375,112300.0
415,2022-09-12,13.319999694824219,22370.44921875,113407.0
416,2022-09-13,13.260000228881836,20296.70703125,110794.0
417,2022-09-14,13.260000228881836,20241.08984375,110547.0
418,2022-09-15,13.210000038146973,19701.2109375,109954.0
419,2022-09-16,13.229999542236328,19772.583984375,109280.0
420,2022-09-19,13.279999732971191,19544.12890625,111824.0
421,2022-09-20,13.289999961853027,18890.7890625,112517.0
422,2022-09-21,13.359999656677246,18547.400390625,111936.0
423,2022-09-22,13.430000305175781,19413.55078125,114070.0
424,2022-09-23,13.390000343322754,19297.638671875,111716.0
425,2022-09-26,13.319999694824219,19222.671875,109114.0
426,2022-09-27,13.399999618530273,19110.546875,108376.0
427,2022-09-28,13.350000381469727,19426.720703125,108451.0
428,2022-09-29,13.359999656677246,19573.05078125,107664.0
429,2022-09-30,13.40999984741211,19431.7890625,110037.0
430,2022-10-03,13.470000267028809,19623.580078125,116134.0
431,2022-10-04,13.470000267028809,20336.84375,116230.0
432,2022-10-05,13.470000267028809,20160.716796875,117198.0
433,2022-10-06,13.470000267028809,19955.443359375,117561.0
434,2022-10-07,13.460000038146973,19546.849609375,116375.0
435,2022-10-10,13.489999771118164,19141.484375,115941.0
436,2022-10-11,13.4399995803833,19051.41796875,114827.0
437,2022-10-13,13.430000305175781,19382.904296875,114300.0
438,2022-10-14,13.40999984741211,19185.65625,112072.0
439,2022-10-17,13.460000038146973,19550.7578125,113624.0
440,2022-10-18,13.479999542236328,19334.416015625,115743.0
441,2022-10-19,13.40999984741211,19139.53515625,116274.0
442,2022-10-20,13.460000038146973,19053.740234375,117171.0
443,2022-10-21,13.470000267028809,19172.46875,119929.0
444,2022-10-24,13.430000305175781,19345.572265625,116013.0
445,2022-10-25,13.430000305175781,20095.857421875,114626.0
446,2022-10-26,13.40999984741211,20770.44140625,112764.0
447,2022-10-27,13.4399995803833,20285.8359375,114641.0
448,2022-10-28,13.449999809265137,20595.3515625,114539.0
449,2022-10-31,13.5,20495.7734375,116037.0
450,2022-11-01,13.510000228881836,20485.2734375,116929.0
451,2022-11-03,13.489999771118164,20209.98828125,116896.0
452,2022-11-04,13.510000228881836,21147.23046875,118155.0
453,2022-11-07,13.449999809265137,20602.81640625,115342.0
454,2022-11-08,13.430000305175781,18541.271484375,116160.0
455,2022-11-09,13.430000305175781,15880.7802734375,113580.0
456,2022-11-10,13.100000381469727,17586.771484375,109775.0
457,2022-11-11,13.029999732971191,17034.29296875,112253.0
458,2022-11-14,13.140000343322754,16618.19921875,113161.0
459,2022-11-16,13.039999961853027,16669.439453125,110243.0
460,2022-11-17,12.979999542236328,16687.517578125,109703.0
461,2022-11-18,12.949999809265137,16697.77734375,108880.0
462,2022-11-21,13.010000228881836,15787.2841796875,109748.0
463,2022-11-22,12.970000267028809,16189.76953125,109037.0
464,2022-11-23,12.890000343322754,16610.70703125,108683.0
465,2022-11-24,12.979999542236328,16604.46484375,111831.0
466,2022-11-25,12.930000305175781,16521.841796875,108977.0
467,2022-11-28,12.989999771118164,16217.322265625,108782.0
468,2022-11-29,13.15999984741211,16444.982421875,110910.0
469,2022-11-30,13.220000267028809,17168.56640625,112486.0
470,2022-12-01,13.1899995803833,16967.1328125,110926.0
471,2022-12-02,13.270000457763672,17088.66015625,111924.0
472,2022-12-05,13.220000267028809,16974.826171875,109401.0
473,2022-12-06,13.199999809265137,17089.50390625,109533.0
474,2022-12-07,13.239999771118164,16848.126953125,109361.0
475,2022-12-08,13.229999542236328,17233.474609375,107245.0
476,2022-12-09,13.229999542236328,17133.15234375,107689.0
477,2022-12-12,13.140000343322754,17206.4375,105264.0
478,2022-12-13,13.069999694824219,17781.318359375,103892.0
479,2022-12-14,12.989999771118164,17815.650390625,103803.0
480,2022-12-15,13.09000015258789,17364.865234375,103738.0
481,2022-12-16,13.039999961853027,16647.484375,102825.0
482,2022-12-19,13.0600004196167,16439.6796875,104530.0
483,2022-12-20,13.180000305175781,16906.3046875,106979.0
484,2022-12-21,13.220000267028809,16817.53515625,107313.0
485,2022-12-22,13.270000457763672,16830.341796875,107317.0
486,2022-12-23,13.350000381469727,16796.953125,109698.0
487,2022-12-26,13.3100004196167,16919.8046875,108738.0
488,2022-12-27,13.319999694824219,16717.173828125,108347.0
489,2022-12-28,13.399999618530273,16552.572265625,110237.0
490,2022-12-29,13.430000305175781,16642.341796875,110031.0
491,2023-01-02,13.34000015258789,16688.470703125,106376.0
492,2023-01-03,13.260000228881836,16679.857421875,104166.0
493,2023-01-04,13.1899995803833,16863.23828125,105334.0
494,2023-01-05,13.300000190734863,16836.736328125,107518.0
495,2023-01-06,13.350000381469727,16951.96875,108836.0
496,2023-01-09,13.430000305175781,17196.5546875,109227.0
497,2023-01-10,13.460000038146973,17446.29296875,110912.0
498,2023-01-11,13.5600004196167,17934.896484375,111763.0
499,2023-01-12,13.600000381469727,18869.587890625,111877.0
500,2023-01-13,13.619999885559082,19909.57421875,110916.0
501,2023-01-16,13.529999732971191,21169.6328125,109213.0
502,2023-01-17,13.59000015258789,21161.51953125,111439.0
503,2023-01-18,13.569999694824219,20688.78125,112452.0
504,2023-01-19,13.569999694824219,21086.79296875,113006.0
505,2023-01-20,13.5,22676.552734375,112301.0
506,2023-01-23,13.489999771118164,22934.431640625,111709.0
507,2023-01-24,13.5,22636.46875,113028.0
508,2023-01-25,13.5600004196167,23117.859375,114195.0
509,2023-01-26,13.550000190734863,23032.77734375,114109.0
510,2023-01-27,13.479999542236328,23078.728515625,112502.0
511,2023-01-30,13.489999771118164,22840.138671875,111888.0
512,2023-01-31,13.520000457763672,23139.283203125,113532.0
513,2023-02-01,13.5,23723.76953125,112303.0
514,2023-02-02,13.489999771118164,23471.87109375,109935.0
515,2023-02-03,13.399999618530273,23449.322265625,108490.0
516,2023-02-06,13.399999618530273,22760.109375,108456.0
517,2023-02-07,13.420000076293945,23264.291015625,107920.0
518,2023-02-08,13.5,22939.3984375,109882.0
519,2023-02-09,13.470000267028809,21819.0390625,107783.0
520,2023-02-10,13.479999542236328,21651.18359375,108150.0
521,2023-02-13,13.470000267028809,21808.1015625,108846.0
522,2023-02-14,13.5,22220.8046875,107659.0
523,2023-02-15,13.579999923706055,24307.841796875,109442.0
524,2023-02-16,13.569999694824219,23623.474609375,109905.0
525,2023-02-17,13.630000114440918,24565.6015625,109303.0
526,2023-02-22,13.59000015258789,24188.84375,107152.0
527,2023-02-23,13.609999656677246,23947.4921875,107720.0
528,2023-02-24,13.550000190734863,23198.126953125,105873.0
529,2023-02-27,13.630000114440918,23522.87109375,105711.0
530,2023-02-28,13.609999656677246,23147.353515625,104932.0
531,2023-03-02,13.550000190734863,23475.466796875,103326.0
532,2023-03-03,13.5600004196167,22362.6796875,103866.0
533,2023-03-06,13.59000015258789,22429.7578125,104700.0
534,2023-03-07,13.630000114440918,22219.76953125,104228.0
535,2023-03-08,13.720000267028809,21718.080078125,106540.0
536,2023-03-10,13.789999961853027,20187.244140625,103618.0
537,2023-03-13,13.850000381469727,24197.533203125,103121.0
538,2023-03-14,13.8100004196167,24746.07421875,102932.0
539,2023-03-15,13.890000343322754,24375.9609375,102675.0
540,2023-03-16,13.84000015258789,25052.7890625,103435.0
541,2023-03-17,13.880000114440918,27423.9296875,101982.0
542,2023-03-20,13.920000076293945,27767.236328125,100923.0
543,2023-03-21,13.899999618530273,28175.81640625,100998.0
544,2023-03-22,13.949999809265137,27307.4375,100221.0
545,2023-03-23,13.9399995803833,28333.97265625,97926.0
546,2023-03-24,14.0,27493.28515625,98829.0
547,2023-03-27,14.039999961853027,27139.888671875,99670.0
548,2023-03-28,14.029999732971191,27268.130859375,101185.0
549,2023-03-29,13.979999542236328,28348.44140625,101793.0
550,2023-03-30,14.050000190734863,28033.5625,103713.0
551,2023-03-31,14.0600004196167,28478.484375,101882.0
552,2023-04-03,14.050000190734863,27790.220703125,101506.0
553,2023-04-04,14.0600004196167,28168.08984375,101869.0
554,2023-04-05,14.09000015258789,28177.984375,100978.0
555,2023-04-06,14.09000015258789,28044.140625,100822.0
556,2023-04-10,14.100000381469727,29652.98046875,101847.0
557,2023-04-11,14.1899995803833,30235.05859375,106214.0
558,2023-04-12,14.180000305175781,30139.052734375,106890.0
559,2023-04-13,14.260000228881836,30399.06640625,106458.0
560,2023-04-14,14.180000305175781,30485.69921875,106279.0
561,2023-04-17,14.199999809265137,29445.044921875,106016.0
562,2023-04-18,14.149999618530273,30397.552734375,106163.0
563,2023-04-19,14.119999885559082,28822.6796875,103913.0
564,2023-04-20,14.15999984741211,28245.98828125,104367.0
565,2023-04-24,14.220000267028809,27525.33984375,103947.0
566,2023-04-25,14.239999771118164,28307.59765625,103220.0
567,2023-04-26,14.25,28422.701171875,102312.0
568,2023-04-27,14.260000228881836,29473.787109375,102923.0
569,2023-04-28,14.229999542236328,29340.26171875,104432.0
570,2023-05-02,14.25,28680.537109375,101927.0
571,2023-05-03,14.279999732971191,29006.30859375,101797.0
572,2023-05-04,14.359999656677246,28847.7109375,102174.0
573,2023-05-05,14.380000114440918,29534.384765625,105148.0
574,2023-05-08,14.350000381469727,27694.2734375,106042.0
575,2023-05-09,14.359999656677246,27658.775390625,107114.0
576,2023-05-10,14.40999984741211,27621.755859375,107448.0
577,2023-05-11,14.420000076293945,27000.7890625,108256.0
578,2023-05-12,14.430000305175781,26804.990234375,108464.0
579,2023-05-15,14.5,27192.693359375,109029.0
580,2023-05-16,14.470000267028809,27036.650390625,108194.0
581,2023-05-17,14.449999809265137,27398.802734375,109460.0
582,2023-05-18,14.4399995803833,26832.208984375,110108.0
583,2023-05-19,14.489999771118164,26890.12890625,110745.0
584,2023-05-22,14.470000267028809,26851.27734375,110213.0
585,2023-05-23,14.510000228881836,27225.7265625,109929.0
586,2023-05-24,14.529999732971191,26334.818359375,108800.0
587,2023-05-25,14.59000015258789,26476.20703125,110054.0
588,2023-05-26,14.600000381469727,26719.291015625,110906.0
589,2023-05-29,14.630000114440918,27745.884765625,110333.0
590,2023-05-30,14.649999618530273,27702.349609375,108967.0
591,2023-05-31,14.649999618530273,27219.658203125,108335.0
592,2023-06-01,14.670000076293945,26819.97265625,110565.0
593,2023-06-02,14.6899995803833,27249.58984375,112558.0
594,2023-06-05,14.770000457763672,25760.09765625,112696.0
595,2023-06-06,14.789999961853027,27238.783203125,114610.0
596,2023-06-07,14.779999732971191,26345.998046875,115488.0
597,2023-06-09,14.8100004196167,26480.375,117019.0
598,2023-06-12,14.850000381469727,25902.5,117336.0
599,2023-06-13,14.8100004196167,25918.728515625,116743.0
600,2023-06-14,14.819999694824219,25124.67578125,119069.0
601,2023-06-15,14.829999923706055,25576.39453125,119221.0
602,2023-06-16,14.850000381469727,26327.462890625,118758.0
603,2023-06-19,14.850000381469727,26851.029296875,119858.0
604,2023-06-20,14.869999885559082,28327.48828125,119622.0
605,2023-06-21,14.869999885559082,30027.296875,120420.0
606,2023-06-22,14.859999656677246,29912.28125,118934.0
607,2023-06-23,14.920000076293945,30695.46875,118977.0
608,2023-06-26,14.930000305175781,30271.130859375,118243.0
609,2023-06-27,14.9399995803833,30688.1640625,117523.0
610,2023-06-28,14.930000305175781,30086.24609375,116681.0
611,2023-06-29,14.979999542236328,30445.3515625,118383.0
612,2023-06-30,15.020000457763672,30477.251953125,118087.0
613,2023-07-03,15.079999923706055,31156.439453125,119673.0
614,2023-07-04,15.09000015258789,30777.58203125,119076.0
615,2023-07-05,15.0600004196167,30514.166015625,119549.0
616,2023-07-06,14.970000267028809,29909.337890625,117426.0
617,2023-07-07,15.100000381469727,30342.265625,118898.0
618,2023-07-10,15.0600004196167,30414.470703125,117942.0
619,2023-07-11,15.09000015258789,30620.951171875,117220.0
620,2023-07-12,15.119999885559082,30391.646484375,117666.0
621,2023-07-13,15.079999923706055,31476.048828125,119264.0
622,2023-07-14,15.0,30334.068359375,117711.0
623,2023-07-17,15.069999694824219,30145.888671875,118219.0
624,2023-07-18,15.100000381469727,29856.5625,117841.0
625,2023-07-19,15.0600004196167,29913.923828125,117552.0
626,2023-07-20,15.0600004196167,29792.015625,118083.0
627,2023-07-21,15.079999923706055,29908.744140625,120217.0
628,2023-07-24,15.109999656677246,29176.916015625,121342.0
629,2023-07-25,15.119999885559082,29227.390625,122008.0
630,2023-07-26,15.15999984741211,29354.97265625,122560.0
631,2023-07-27,15.140000343322754,29210.689453125,119990.0
632,2023-07-28,15.119999885559082,29319.24609375,120187.0
633,2023-07-31,15.140000343322754,29230.111328125,121943.0
634,2023-08-01,15.170000076293945,29675.732421875,121248.0
635,2023-08-02,15.210000038146973,29151.958984375,120859.0
636,2023-08-03,15.1899995803833,29178.6796875,120586.0
637,2023-08-04,15.220000267028809,29074.091796875,119508.0
638,2023-08-07,15.220000267028809,29180.578125,119380.0
639,2023-08-08,15.289999961853027,29765.4921875,119090.0
640,2023-08-09,15.25,29561.494140625,118409.0
641,2023-08-10,15.289999961853027,29429.591796875,118350.0
642,2023-08-11,15.279999732971191,29397.71484375,118065.0
643,2023-08-14,15.239999771118164,29408.443359375,116810.0
644,2023-08-15,15.199999809265137,29170.34765625,116171.0
645,2023-08-16,15.239999771118164,28701.779296875,115592.0
646,2023-08-17,15.1899995803833,26664.55078125,114982.0
647,2023-08-21,15.0600004196167,26124.140625,114429.0
648,2023-08-22,15.1899995803833,26031.65625,116156.0
649,2023-08-23,15.239999771118164,26431.640625,118135.0
650,2023-08-24,15.289999961853027,26162.373046875,117026.0
651,2023-08-25,15.25,26047.66796875,115837.0
652,2023-08-28,15.260000228881836,26106.150390625,117121.0
653,2023-08-29,15.289999961853027,27727.392578125,118404.0
654,2023-08-30,15.289999961853027,27297.265625,117535.0
655,2023-08-31,15.239999771118164,25931.47265625,115742.0
656,2023-09-01,15.220000267028809,25800.724609375,117893.0
657,2023-09-04,15.239999771118164,25812.416015625,117777.0
658,2023-09-05,15.100000381469727,25779.982421875,117331.0
659,2023-09-06,15.170000076293945,25753.236328125,115985.0
660,2023-09-08,15.239999771118164,25905.654296875,115313.0
661,2023-09-11,15.34000015258789,25162.654296875,116883.0
662,2023-09-12,15.279999732971191,25833.34375,117968.0
663,2023-09-14,15.300000190734863,26539.673828125,119392.0
664,2023-09-15,15.369999885559082,26608.693359375,118758.0
665,2023-09-18,15.329999923706055,26754.28125,118288.0
666,2023-09-19,15.329999923706055,27211.1171875,117846.0
667,2023-09-20,15.25,27132.0078125,118695.0
668,2023-09-21,15.329999923706055,26567.6328125,116145.0
669,2023-09-22,15.229999542236328,26579.568359375,116009.0
670,2023-09-25,15.3100004196167,26298.48046875,115925.0
671,2023-09-26,15.300000190734863,26217.25,114193.0
672,2023-09-27,15.289999961853027,26352.716796875,114327.0
673,2023-09-28,15.050000190734863,27021.546875,115731.0
674,2023-09-29,15.039999961853027,26911.720703125,116565.0
675,2023-10-02,15.220000267028809,27530.78515625,115057.0
676,2023-10-03,15.15999984741211,27429.978515625,113419.0
677,2023-10-04,14.789999961853027,27799.39453125,113607.0
678,2023-10-05,15.079999923706055,27415.912109375,113284.0
679,2023-10-06,15.039999961853027,27946.59765625,114170.0
680,2023-10-09,15.029999732971191,27583.677734375,115156.0
681,2023-10-10,15.050000190734863,27391.01953125,116737.0
682,2023-10-11,15.239999771118164,26873.3203125,117051.0
683,2023-10-13,15.25,26862.375,115754.0
684,2023-10-16,15.119999885559082,28519.466796875,116534.0
685,2023-10-17,15.260000228881836,28415.748046875,115908.0
686,2023-10-18,15.100000381469727,28328.341796875,114060.0
687,2023-10-19,15.050000190734863,28719.806640625,114004.0
688,2023-10-20,15.130000114440918,29682.94921875,113155.0
689,2023-10-23,15.119999885559082,33086.234375,112785.0
690,2023-10-24,15.170000076293945,33901.52734375,113762.0
691,2023-10-26,15.260000228881836,34156.6484375,114777.0
692,2023-10-27,15.220000267028809,33909.80078125,113301.0
693,2023-10-30,15.100000381469727,34502.36328125,112532.0
694,2023-10-31,15.100000381469727,34667.78125,113144.0
695,2023-11-01,15.15999984741211,35437.25390625,115053.0
696,2023-11-03,15.319999694824219,34732.32421875,118160.0
697,2023-11-06,15.270000457763672,35037.37109375,118487.0
698,2023-11-07,15.319999694824219,35443.5625,119268.0
699,2023-11-08,15.350000381469727,35655.27734375,119099.0
700,2023-11-09,15.34000015258789,36693.125,119012.0
701,2023-11-10,15.359999656677246,37313.96875,120636.0
702,2023-11-13,15.399999618530273,36502.35546875,120376.0
703,2023-11-14,15.479999542236328,35537.640625,123328.0
704,2023-11-16,15.510000228881836,36154.76953125,124576.0
705,2023-11-17,15.520000457763672,36596.68359375,125062.0
706,2023-11-20,15.539999961853027,37476.95703125,126095.0
707,2023-11-21,15.510000228881836,35813.8125,125607.0
708,2023-11-22,15.510000228881836,37432.33984375,126035.0
709,2023-11-23,15.539999961853027,37289.62109375,126576.0
710,2023-11-24,15.529999732971191,37720.28125,125542.0
711,2023-11-27,15.600000381469727,37254.16796875,125683.0
712,2023-11-28,15.59000015258789,37831.0859375,126538.0
713,2023-11-29,15.640000343322754,37858.4921875,126101.0
714,2023-11-30,15.649999618530273,37712.74609375,127331.0
715,2023-12-01,15.670000076293945,38688.75,128103.0
716,2023-12-04,15.65999984741211,41980.09765625,126803.0
717,2023-12-05,15.619999885559082,44080.6484375,126903.0
718,2023-12-06,15.699999809265137,43746.4453125,125623.0
719,2023-12-07,15.710000038146973,43292.6640625,126010.0
720,2023-12-08,15.649999618530273,44166.6015625,127094.0
721,2023-12-11,15.699999809265137,41243.83203125,126916.0
722,2023-12-12,15.739999771118164,41450.22265625,126403.0
723,2023-12-13,15.75,42890.7421875,129465.0
724,2023-12-14,15.829999923706055,43023.97265625,130842.0
725,2023-12-15,15.84000015258789,41929.7578125,130197.0
726,2023-12-18,15.800000190734863,42623.5390625,131084.0
727,2023-12-19,15.920000076293945,42270.52734375,131851.0
728,2023-12-20,15.680000305175781,43652.25,130804.0
729,2023-12-21,15.859999656677246,43869.15234375,132182.0
730,2023-12-22,15.859999656677246,43997.90234375,132753.0
731,2023-12-26,15.899999618530273,42520.40234375,133533.0
732,2023-12-27,15.90999984741211,43442.85546875,134194.0
733,2023-12-28,15.880000114440918,42627.85546875,134185.0
734,2024-01-02,15.90999984741211,44957.96875,132697.0
735,2024-01-03,15.859999656677246,42848.17578125,132834.0
736,2024-01-04,15.899999618530273,44179.921875,131226.0
737,2024-01-05,15.880000114440918,44162.69140625,132023.0
738,2024-01-08,15.890000343322754,46970.50390625,132427.0
739,2024-01-09,15.869999885559082,46139.73046875,131447.0
740,2024-01-10,15.880000114440918,46627.77734375,130841.0
741,2024-01-11,15.890000343322754,46368.5859375,130649.0
742,2024-01-12,15.930000305175781,42853.16796875,130988.0
743,2024-01-15,15.979999542236328,42511.96875,131521.0
744,2024-01-16,15.880000114440918,43154.9453125,129294.0
745,2024-01-17,15.670000076293945,42742.65234375,128524.0
746,2024-01-18,15.880000114440918,41262.05859375,127316.0
747,2024-01-19,15.899999618530273,41618.40625,127636.0
748,2024-01-22,15.890000343322754,39507.3671875,126602.0
749,2024-01-23,15.880000114440918,39845.55078125,128263.0
750,2024-01-24,15.920000076293945,40077.07421875,127816.0
751,2024-01-25,15.9399995803833,39933.80859375,128169.0
752,2024-01-26,16.1299991607666,41816.87109375,128967.0
753,2024-01-29,15.989999771118164,43288.24609375,128503.0
754,2024-01-30,15.930000305175781,42952.609375,127402.0
755,2024-01-31,16.010000228881836,42582.60546875,127752.0
756,2024-02-01,15.989999771118164,43075.7734375,128481.0
757,2024-02-02,15.970000267028809,43185.859375,127182.0
758,2024-02-05,15.949999809265137,42658.66796875,127593.0
759,2024-02-06,15.989999771118164,43084.671875,130416.0
760,2024-02-07,15.970000267028809,44318.22265625,129608.0
761,2024-02-08,15.960000038146973,45301.56640625,128217.0
762,2024-02-09,15.989999771118164,47147.19921875,128026.0
763,2024-02-14,15.930000305175781,51826.6953125,127018.0
764,2024-02-15,15.930000305175781,51938.5546875,127804.0
765,2024-02-16,15.930000305175781,52160.203125,128726.0
766,2024-02-19,16.149999618530273,51779.14453125,129036.0
767,2024-02-20,16.0,52284.875,129916.0
768,2024-02-21,16.0,51839.1796875,130032.0
769,2024-02-22,16.0,51304.97265625,130241.0
770,2024-02-23,15.960000038146973,50731.94921875,129419.0
771,2024-02-26,15.930000305175781,54522.40234375,129609.0
772,2024-02-27,15.930000305175781,57085.37109375,131689.0
773,2024-02-28,16.0,62504.7890625,130155.0
774,2024-02-29,16.0,61198.3828125,129020.0
775,2024-03-01,16.059999465942383,62440.6328125,129180.0
776,2024-03-04,16.059999465942383,68330.4140625,128341.0
777,2024-03-05,16.059999465942383,63801.19921875,128098.0
778,2024-03-06,16.06999969482422,66106.8046875,128890.0
779,2024-03-07,16.100000381469727,66925.484375,128340.0
780,2024-03-08,16.100000381469727,68300.09375,127071.0
781,2024-03-11,16.049999237060547,72123.90625,126124.0
782,2024-03-12,16.09000015258789,71481.2890625,127668.0
783,2024-03-13,16.09000015258789,73083.5,128006.0
784,2024-03-14,16.040000915527344,71396.59375,127690.0
785,2024-03-15,16.010000228881836,69403.7734375,126742.0
786,2024-03-18,16.010000228881836,67548.59375,126954.0
787,2024-03-19,16.030000686645508,61912.7734375,127529.0
788,2024-03-20,16.059999465942383,67913.671875,129125.0
789,2024-03-21,16.079999923706055,65491.390625,128159.0
790,2024-03-22,16.040000915527344,63778.76171875,127027.0
791,2024-03-25,16.110000610351562,69958.8125,126931.0
792,2024-03-26,16.079999923706055,69987.8359375,126863.0
793,2024-03-27,16.059999465942383,69455.34375,127691.0
794,2024-03-28,15.850000381469727,70744.953125,128106.0
795,2024-04-01,16.059999465942383,69702.1484375,126990.0
796,2024-04-02,16.040000915527344,65446.97265625,127549.0
797,2024-04-03,16.049999237060547,65980.8125,127318.0
798,2024-04-04,16.059999465942383,68508.84375,127428.0
799,2024-04-05,16.030000686645508,67837.640625,126795.0
800,2024-04-08,16.15999984741211,71631.359375,128857.0
801,2024-04-09,16.059999465942383,69139.015625,129890.0
802,2024-04-10,16.1200008392334,70587.8828125,128054.0
803,2024-04-11,15.989999771118164,70060.609375,127396.0
804,2024-04-12,15.989999771118164,67195.8671875,125946.0
805,2024-04-15,15.920000076293945,63426.2109375,125334.0
806,2024-04-16,15.779999732971191,63811.86328125,124389.0
807,2024-04-17,15.760000228881836,61276.69140625,124171.0
808,2024-04-18,15.829999923706055,63512.75390625,124196.0
809,2024-04-19,15.699999809265137,63843.5703125,125124.0
810,2024-04-22,15.890000343322754,66837.6796875,125573.0
811,2024-04-23,15.930000305175781,66407.2734375,125148.0
812,2024-04-24,15.949999809265137,64276.8984375,124741.0
813,2024-04-25,15.949999809265137,64481.70703125,124646.0
814,2024-04-26,15.949999809265137,63755.3203125,126526.0
815,2024-04-29,15.979999542236328,63841.12109375,127352.0
816,2024-04-30,15.869999885559082,60636.85546875,125924.0
817,2024-05-02,15.979999542236328,59123.43359375,127122.0
818,2024-05-03,16.049999237060547,62889.8359375,128509.0
819,2024-05-06,15.960000038146973,63161.94921875,128466.0
820,2024-05-07,15.899999618530273,62334.81640625,129210.0
821,2024-05-08,16.0,61187.94140625,129481.0
822,2024-05-09,15.979999542236328,63049.9609375,128188.0
823,2024-05-10,15.9399995803833,60792.77734375,127600.0
824,2024-05-13,15.949999809265137,62901.44921875,128155.0
825,2024-05-14,15.989999771118164,61552.7890625,128515.0
826,2024-05-15,16.100000381469727,66267.4921875,128028.0
827,2024-05-16,16.0,65231.58203125,128284.0
828,2024-05-17,15.960000038146973,67051.875,128151.0
829,2024-05-20,15.949999809265137,71448.1953125,127751.0
830,2024-05-21,15.989999771118164,70136.53125,127412.0
831,2024-05-22,15.90999984741211,69122.3359375,125650.0
832,2024-05-23,15.960000038146973,67929.5625,124729.0
833,2024-05-24,15.949999809265137,68526.1015625,124306.0
834,2024-05-27,16.079999923706055,69394.5546875,124496.0
835,2024-05-28,16.010000228881836,68296.21875,123780.0
836,2024-05-29,15.930000305175781,67578.09375,122707.0
837,2024-05-31,15.930000305175781,67491.4140625,122098.0
838,2024-06-03,15.949999809265137,68804.78125,122032.0
839,2024-06-04,15.970000267028809,70567.765625,121802.0
840,2024-06-05,16.06999969482422,71082.8203125,121407.0
841,2024-06-06,15.989999771118164,70757.1640625,122899.0
842,2024-06-07,15.8100004196167,69342.5859375,120767.0
843,2024-06-10,15.8100004196167,69512.28125,120760.0
844,2024-06-11,15.880000114440918,67332.03125,121635.0
845,2024-06-12,15.8100004196167,68241.1875,119936.0
846,2024-06-13,15.869999885559082,66756.3984375,119568.0
847,2024-06-14,15.859999656677246,66011.09375,119662.0
848,2024-06-17,15.880000114440918,66490.296875,119138.0
849,2024-06-18,15.859999656677246,65140.74609375,119630.0
850,2024-06-19,15.829999923706055,64960.296875,120261.0
851,2024-06-20,15.960000038146973,64828.65625,120446.0
852,2024-06-21,15.899999618530273,64096.19921875,121341.0
853,2024-06-24,15.970000267028809,60277.4140625,122637.0
854,2024-06-25,15.949999809265137,61804.640625,122331.0
855,2024-06-26,15.979999542236328,60811.27734375,122641.0
856,2024-06-27,15.869999885559082,61604.80078125,124308.0
857,2024-06-28,15.869999885559082,60320.13671875,123907.0
858,2024-07-01,15.819999694824219,62851.98046875,124718.0
859,2024-07-02,15.819999694824219,62029.015625,124787.0
860,2024-07-03,15.9399995803833,60173.921875,125662.0
861,2024-07-04,15.949999809265137,56977.703125,126164.0
862,2024-07-05,15.979999542236328,56662.375,126267.0
863,2024-07-08,16.020000457763672,56705.09765625,126548.0
864,2024-07-09,16.06999969482422,58009.2265625,127108.0
865,2024-07-10,16.15999984741211,57742.49609375,127218.0
866,2024-07-11,16.139999389648438,57344.9140625,128294.0
867,2024-07-12,16.15999984741211,57899.46484375,128897.0
868,2024-07-15,16.1299991607666,64870.15234375,129321.0
869,2024-07-16,16.15999984741211,65097.1484375,129110.0
870,2024-07-17,16.100000381469727,64118.79296875,129450.0
871,2024-07-18,16.049999237060547,63974.06640625,127652.0
872,2024-07-19,16.059999465942383,66710.15625,127616.0
873,2024-07-22,16.06999969482422,67585.25,127860.0
874,2024-07-23,16.030000686645508,65927.671875,126590.0
875,2024-07-24,16.0,65372.1328125,126423.0
876,2024-07-25,15.949999809265137,65777.2265625,125954.0
877,2024-07-26,16.020000457763672,67912.0625,127492.0
878,2024-07-29,15.960000038146973,66819.9140625,126954.0
879,2024-07-30,15.989999771118164,66201.015625,126139.0
880,2024-07-31,16.079999923706055,64619.25,127652.0
881,2024-08-01,16.06999969482422,65357.5,127395.0
882,2024-08-02,16.200000762939453,61415.06640625,125854.0
883,2024-08-05,16.229999542236328,53991.45703125,125270.0
884,2024-08-06,16.110000610351562,56034.31640625,126267.0
885,2024-08-07,16.1299991607666,55027.4609375,127514.0
886,2024-08-08,16.15999984741211,61710.13671875,128661.0
887,2024-08-09,16.239999771118164,60880.11328125,130615.0
888,2024-08-12,16.209999084472656,59354.515625,131116.0
889,2024-08-13,16.299999237060547,60609.56640625,132398.0
890,2024-08-14,16.350000381469727,58737.26953125,133318.0
891,2024-08-15,16.280000686645508,57560.09765625,134153.0
892,2024-08-16,16.270000457763672,58894.10546875,133953.0
893,2024-08-19,16.329999923706055,59493.453125,135778.0
894,2024-08-20,16.399999618530273,59012.79296875,136087.0
895,2024-08-21,16.270000457763672,61175.19140625,136464.0
896,2024-08-22,16.229999542236328,60381.9140625,135173.0
897,2024-08-23,16.329999923706055,64094.35546875,135608.0
898,2024-08-26,16.350000381469727,62880.66015625,136889.0
899,2024-08-27,16.329999923706055,59504.1328125,136776.0
900,2024-08-28,16.280000686645508,59027.625,137344.0
901,2024-08-29,16.239999771118164,59388.1796875,136041.0
902,2024-08-30,16.15999984741211,59119.4765625,136004.0
903,2024-09-02,16.149999618530273,59112.48046875,134981.0
904,2024-09-03,16.15999984741211,57431.0234375,134353.0
905,2024-09-04,16.200000762939453,57971.5390625,136111.0
906,2024-09-05,16.299999237060547,56160.48828125,136502.0
907,2024-09-06,16.309999465942383,53948.75390625,134572.0
908,2024-09-09,16.350000381469727,57019.53515625,134737.0
909,2024-09-10,16.299999237060547,57648.7109375,134320.0
910,2024-09-11,16.31999969482422,57343.171875,134677.0
911,2024-09-12,16.280000686645508,58127.01171875,134029.0
912,2024-09-13,16.299999237060547,60571.30078125,134882.0
913,2024-09-16,16.260000228881836,58192.5078125,135118.0
914,2024-09-17,16.290000915527344,60308.5390625,134960.0
915,2024-09-18,16.299999237060547,61649.6796875,133748.0
916,2024-09-19,16.290000915527344,62940.45703125,133123.0
917,2024-09-20,16.15999984741211,63192.9765625,131065.0
918,2024-09-23,16.100000381469727,63329.80078125,130568.0
919,2024-09-24,16.200000762939453,64301.96875,132156.0
920,2024-09-25,16.209999084472656,63143.14453125,131586.0
921,2024-09-26,16.260000228881836,65181.01953125,133010.0
922,2024-09-27,16.18000030517578,65790.6640625,132730.0
923,2024-09-30,16.149999618530273,63329.5,131816.0
924,2024-10-01,16.209999084472656,60837.0078125,132495.0
925,2024-10-02,16.229999542236328,60632.78515625,133515.0
926,2024-10-03,16.15999984741211,60759.40234375,131672.0
927,2024-10-04,16.200000762939453,62067.4765625,131792.0
928,2024-10-07,16.149999618530273,62236.66015625,132018.0
929,2024-10-08,16.170000076293945,62131.96875,131512.0
930,2024-10-09,16.110000610351562,60582.1015625,129962.0
931,2024-10-10,15.850000381469727,60274.5,130353.0
932,2024-10-11,16.059999465942383,62445.08984375,129992.0
933,2024-10-14,16.020000457763672,66046.125,131005.0
934,2024-10-15,16.059999465942383,67041.109375,131043.0
935,2024-10-16,16.079999923706055,67612.71875,131750.0
936,2024-10-17,16.170000076293945,67399.8359375,130793.0
937,2024-10-18,16.040000915527344,68418.7890625,130499.0
938,2024-10-21,16.049999237060547,67367.8515625,130362.0
939,2024-10-22,16.030000686645508,67361.40625,129721.0
940,2024-10-23,16.049999237060547,66432.1953125,129233.0
941,2024-10-24,16.15999984741211,68161.0546875,130067.0
942,2024-10-25,16.1200008392334,66642.4140625,129893.0
943,2024-10-28,16.1200008392334,69907.7578125,131213.0
944,2024-10-29,16.049999237060547,72720.4921875,130730.0
945,2024-10-30,16.110000610351562,72339.5390625,130639.0
946,2024-10-31,16.09000015258789,70215.1875,129713.0
947,2024-11-01,15.949999809265137,69482.46875,128121.0
948,2024-11-04,16.049999237060547,67811.5078125,130515.0
949,2024-11-05,16.1200008392334,69359.5625,130661.0
950,2024-11-06,16.1200008392334,75639.078125,130341.0
951,2024-11-07,16.1200008392334,75904.859375,129682.0
952,2024-11-08,16.09000015258789,76545.4765625,127830.0
953,2024-11-11,16.049999237060547,88701.484375,127874.0
954,2024-11-12,16.020000457763672,87955.8125,127698.0
955,2024-11-13,16.020000457763672,90584.1640625,127734.0
956,2024-11-14,16.030000686645508,87250.4296875,127792.0
957,2024-11-18,16.0,90542.640625,127768.0
958,2024-11-19,16.040000915527344,92343.7890625,128197.0
959,2024-11-21,16.06999969482422,98504.7265625,126922.0
960,2024-11-22,16.020000457763672,98997.6640625,129126.0
